2025-08-06T12:28:26.499Z [INFO] Upgrading to: 
- java:*:21
2025-08-06T12:28:26.500Z [INFO] Collecting recipes.
2025-08-06T12:28:26.502Z [INFO] Collected OpenRewrite recipes:
org.openrewrite.java.migrate.UpgradeToJava21
2025-08-06T12:28:26.502Z [INFO] Recipes collected:
org.openrewrite.java.migrate.UpgradeToJava21
2025-08-06T12:28:26.502Z [INFO] Applying recipes:
org.openrewrite.java.migrate.UpgradeToJava21
2025-08-06T12:28:26.503Z [INFO] [MavenBuildTool] Running OpenRewrite recipes in c:\Repos\spring-petclinic using Maven
2025-08-06T12:28:26.503Z [INFO] [MavenBuildTool] Running OpenRewrite recipes: org.openrewrite.java.migrate.UpgradeToJava21
2025-08-06T12:28:26.504Z [INFO] [Environment] Running command (Java 24): mvnw -B org.openrewrite.maven:rewrite-maven-plugin:5.47.3:run -Drewrite.activeRecipes=org.openrewrite.java.migrate.UpgradeToJava21 -Drewrite.recipeArtifactCoordinates=org.openrewrite.recipe:rewrite-migrate-java:2.31.1
WARNING: A restricted method in java.lang.System has been called
WARNING: java.lang.System::load has been called by org.fusesource.jansi.internal.JansiLoader in an unnamed module (file:/C:/Users/adamga/.m2/wrapper/dists/apache-maven-3.9.5-bin/32db9c34/apache-maven-3.9.5/lib/jansi-2.4.0.jar)
WARNING: Use --enable-native-access=ALL-UNNAMED to avoid a warning for callers in this module
WARNING: Restricted methods will be blocked in a future release unless native access is enabled

WARNING: A terminally deprecated method in sun.misc.Unsafe has been called
WARNING: sun.misc.Unsafe::objectFieldOffset has been called by com.google.common.util.concurrent.AbstractFuture$UnsafeAtomicHelper (file:/C:/Users/adamga/.m2/wrapper/dists/apache-maven-3.9.5-bin/32db9c34/apache-maven-3.9.5/lib/guava-32.0.1-jre.jar)
WARNING: Please consider reporting this to the maintainers of class com.google.common.util.concurrent.AbstractFuture$UnsafeAtomicHelper
WARNING: sun.misc.Unsafe::objectFieldOffset will be removed in a future release
[INFO] Scanning for projects...
[INFO] Downloading from spring-snapshots: https://repo.spring.io/snapshot/org/openrewrite/maven/rewrite-maven-plugin/5.47.3/rewrite-maven-plugin-5.47.3.pom
[INFO] Downloading from spring-milestones: https://repo.spring.io/milestone/org/openrewrite/maven/rewrite-maven-plugin/5.47.3/rewrite-maven-plugin-5.47.3.pom
[INFO] Downloading from central: https://repo.maven.apache.org/maven2/org/openrewrite/maven/rewrite-maven-plugin/5.47.3/rewrite-maven-plugin-5.47.3.pom
[INFO] Downloaded from central: https://repo.maven.apache.org/maven2/org/openrewrite/maven/rewrite-maven-plugin/5.47.3/rewrite-maven-plugin-5.47.3.pom (26 kB at 175 kB/s)
[INFO] Downloading from spring-snapshots: https://repo.spring.io/snapshot/io/netty/netty-bom/4.1.116.Final/netty-bom-4.1.116.Final.pom
[INFO] Downloading from spring-milestones: https://repo.spring.io/milestone/io/netty/netty-bom/4.1.116.Final/netty-bom-4.1.116.Final.pom
[INFO] Downloading from central: https://repo.maven.apache.org/maven2/io/netty/netty-bom/4.1.116.Final/netty-bom-4.1.116.Final.pom
[INFO] Downloaded from central: https://repo.maven.apache.org/maven2/io/netty/netty-bom/4.1.116.Final/netty-bom-4.1.116.Final.pom (14 kB at 625 kB/s)
[INFO] Downloading from spring-snapshots: https://repo.spring.io/snapshot/org/assertj/assertj-bom/3.27.0/assertj-bom-3.27.0.pom
[INFO] Downloading from spring-milestones: https://repo.spring.io/milestone/org/assertj/assertj-bom/3.27.0/assertj-bom-3.27.0.pom
[INFO] Downloading from central: https://repo.maven.apache.org/maven2/org/assertj/assertj-bom/3.27.0/assertj-bom-3.27.0.pom
[INFO] Downloaded from central: https://repo.maven.apache.org/maven2/org/assertj/assertj-bom/3.27.0/assertj-bom-3.27.0.pom (3.7 kB at 168 kB/s)
[INFO] Downloading from spring-snapshots: https://repo.spring.io/snapshot/io/rsocket/rsocket-bom/1.1.4/rsocket-bom-1.1.4.pom
[INFO] Downloading from spring-milestones: https://repo.spring.io/milestone/io/rsocket/rsocket-bom/1.1.4/rsocket-bom-1.1.4.pom
[INFO] Downloading from central: https://repo.maven.apache.org/maven2/io/rsocket/rsocket-bom/1.1.4/rsocket-bom-1.1.4.pom
[INFO] Downloaded from central: https://repo.maven.apache.org/maven2/io/rsocket/rsocket-bom/1.1.4/rsocket-bom-1.1.4.pom (2.4 kB at 113 kB/s)
[INFO] Downloading from spring-snapshots: https://repo.spring.io/snapshot/org/openrewrite/rewrite-bom/8.42.4/rewrite-bom-8.42.4.pom
[INFO] Downloading from spring-milestones: https://repo.spring.io/milestone/org/openrewrite/rewrite-bom/8.42.4/rewrite-bom-8.42.4.pom
[INFO] Downloading from central: https://repo.maven.apache.org/maven2/org/openrewrite/rewrite-bom/8.42.4/rewrite-bom-8.42.4.pom
[INFO] Downloaded from central: https://repo.maven.apache.org/maven2/org/openrewrite/rewrite-bom/8.42.4/rewrite-bom-8.42.4.pom (5.9 kB at 295 kB/s)
[INFO] Downloading from spring-snapshots: https://repo.spring.io/snapshot/org/openrewrite/maven/rewrite-maven-plugin/5.47.3/rewrite-maven-plugin-5.47.3.jar
[INFO] Downloading from spring-milestones: https://repo.spring.io/milestone/org/openrewrite/maven/rewrite-maven-plugin/5.47.3/rewrite-maven-plugin-5.47.3.jar
[INFO] Downloading from central: https://repo.maven.apache.org/maven2/org/openrewrite/maven/rewrite-maven-plugin/5.47.3/rewrite-maven-plugin-5.47.3.jar
[INFO] Downloaded from central: https://repo.maven.apache.org/maven2/org/openrewrite/maven/rewrite-maven-plugin/5.47.3/rewrite-maven-plugin-5.47.3.jar (111 kB at 2.1 MB/s)
[INFO] 
[INFO] ------------< org.springframework.samples:spring-petclinic >------------
[INFO] Building petclinic 3.2.0-SNAPSHOT
[INFO]   from pom.xml
[INFO] --------------------------------[ jar ]---------------------------------
[INFO] 
[INFO] >>> rewrite:5.47.3:run (default-cli) > process-test-classes @ spring-petclinic >>>
[INFO] 
[INFO] --- enforcer:3.4.1:enforce (enforce-java) @ spring-petclinic ---
[INFO] Rule 0: org.apache.maven.enforcer.rules.version.RequireJavaVersion passed
[INFO] 
[INFO] --- spring-javaformat:0.0.40:validate (default) @ spring-petclinic ---
[INFO] 
[INFO] --- checkstyle:3.3.1:check (nohttp-checkstyle-validation) @ spring-petclinic ---
[INFO] You have 0 Checkstyle violations.
[INFO] 
[INFO] --- jacoco:0.8.11:prepare-agent (default) @ spring-petclinic ---
[INFO] argLine set to -javaagent:C:\\Users\\adamga\\.m2\\repository\\org\\jacoco\\org.jacoco.agent\\0.8.11\\org.jacoco.agent-0.8.11-runtime.jar=destfile=c:\\Repos\\spring-petclinic\\target\\jacoco.exec
[INFO] 
[INFO] --- git-commit-id:6.0.0:revision (default) @ spring-petclinic ---
[INFO] dotGitDirectory 'c:\Repos\spring-petclinic\.git'
[INFO] Collected git.build.user.name with value Adam Gallant
[INFO] Collected git.build.user.email with value adamga@microsoft.com
[INFO] Collected git.branch with value java-upgrade-202508061224
[INFO] --always = true
[INFO] --dirty = -dirty
[INFO] --abbrev = 7
[INFO] Tag refs [[]]
[INFO] Created map: [{}]
[INFO] evalCommit is [516722647ae474746a84c197127e323135907d57]
[INFO] Collected git.commit.id.describe with value 5167226
[INFO] Collected git.commit.id.describe-short with value 5167226
[INFO] Collected git.commit.id with value 516722647ae474746a84c197127e323135907d57
[INFO] Collected git.commit.id.abbrev with value 5167226
[INFO] Collected git.dirty with value false
[INFO] Collected git.commit.user.name with value Maksim Sasnouski
[INFO] Collected git.commit.user.email with value qeeqez@gmail.com
[INFO] Collected git.commit.message.full with value Gradle wrapper files should have correct line endings
[INFO] Collected git.commit.message.short with value Gradle wrapper files should have correct line endings
[INFO] Collected git.commit.time with value 2024-02-29T09:35:20-0500
[INFO] Collected git.commit.author.time with value 2024-02-29T05:15:20-0500
[INFO] Collected git.commit.committer.time with value 2024-02-29T05:15:20-0500
[INFO] Collected git.remote.origin.url with value https://github.com/adamga/spring-petclinic.git
[INFO] Collected git.tags with value 
[INFO] evalCommit is [516722647ae474746a84c197127e323135907d57]
[INFO] Tag refs [[]]
[INFO] Created map: [{}]
[INFO] Collected git.closest.tag.name with value 
[INFO] evalCommit is [516722647ae474746a84c197127e323135907d57]
[INFO] Tag refs [[]]
[INFO] Created map: [{}]
[INFO] Collected git.closest.tag.commit.count with value 
[INFO] Collected git.total.commit.count with value 893
[INFO] Collected git.local.branch.ahead with value NO_REMOTE
[INFO] Collected git.local.branch.behind with value NO_REMOTE
[INFO] Collected git.build.time with value 2023-05-10T03:42:50-0400
[INFO] Collected git.build.version with value 3.2.0-SNAPSHOT
[INFO] Collected git.build.host with value agwork
[INFO] including property 'git.tags' in results
[INFO] including property 'git.build.version' in results
[INFO] including property 'git.branch' in results
[INFO] including property 'git.build.host' in results
[INFO] including property 'git.commit.id' in results
[INFO] including property 'git.commit.user.email' in results
[INFO] including property 'git.local.branch.behind' in results
[INFO] including property 'git.commit.author.time' in results
[INFO] including property 'git.build.user.name' in results
[INFO] including property 'git.dirty' in results
[INFO] including property 'git.closest.tag.commit.count' in results
[INFO] including property 'git.commit.user.name' in results
[INFO] including property 'git.commit.id.abbrev' in results
[INFO] including property 'git.commit.id.describe-short' in results
[INFO] including property 'git.total.commit.count' in results
[INFO] including property 'git.commit.id.describe' in results
[INFO] including property 'git.build.user.email' in results
[INFO] including property 'git.commit.message.short' in results
[INFO] including property 'git.commit.committer.time' in results
[INFO] including property 'git.closest.tag.name' in results
[INFO] including property 'git.local.branch.ahead' in results
[INFO] including property 'git.commit.time' in results
[INFO] including property 'git.build.time' in results
[INFO] including property 'git.commit.message.full' in results
[INFO] including property 'git.remote.origin.url' in results
[INFO] Reading existing properties file [c:\Repos\spring-petclinic\target\classes\git.properties] (for project petclinic)...
[INFO] Writing properties file [c:\Repos\spring-petclinic\target\classes\git.properties] (for project petclinic)...
[INFO] 
[INFO] --- spring-boot:3.2.1:build-info (default) @ spring-petclinic ---
[INFO] 
[INFO] --- resources:3.3.1:resources (default-resources) @ spring-petclinic ---
[INFO] Copying 3 resources from src\main\resources to target\classes
[INFO] Copying 43 resources from src\main\resources to target\classes
[INFO] 
[INFO] --- compiler:3.11.0:compile (default-compile) @ spring-petclinic ---
[INFO] Nothing to compile - all classes are up to date
[INFO] 
[INFO] --- resources:3.3.1:testResources (default-testResources) @ spring-petclinic ---
[INFO] skip non existing resourceDirectory c:\Repos\spring-petclinic\src\test\resources
[INFO] 
[INFO] --- compiler:3.11.0:testCompile (default-testCompile) @ spring-petclinic ---
[INFO] Nothing to compile - all classes are up to date
[INFO] 
[INFO] <<< rewrite:5.47.3:run (default-cli) < process-test-classes @ spring-petclinic <<<
[INFO] 
[INFO] 
[INFO] --- rewrite:5.47.3:run (default-cli) @ spring-petclinic ---
[INFO] Downloading from spring-snapshots: https://repo.spring.io/snapshot/org/openrewrite/rewrite-java/8.42.4/rewrite-java-8.42.4.pom
[INFO] Downloading from spring-milestones: https://repo.spring.io/milestone/org/openrewrite/rewrite-java/8.42.4/rewrite-java-8.42.4.pom
[INFO] Downloading from central: https://repo.maven.apache.org/maven2/org/openrewrite/rewrite-java/8.42.4/rewrite-java-8.42.4.pom
[INFO] Downloaded from central: https://repo.maven.apache.org/maven2/org/openrewrite/rewrite-java/8.42.4/rewrite-java-8.42.4.pom (5.6 kB at 129 kB/s)
[INFO] Downloading from spring-snapshots: https://repo.spring.io/snapshot/org/openrewrite/rewrite-core/8.42.4/rewrite-core-8.42.4.pom
[INFO] Downloading from spring-milestones: https://repo.spring.io/milestone/org/openrewrite/rewrite-core/8.42.4/rewrite-core-8.42.4.pom
[INFO] Downloading from central: https://repo.maven.apache.org/maven2/org/openrewrite/rewrite-core/8.42.4/rewrite-core-8.42.4.pom
[INFO] Downloaded from central: https://repo.maven.apache.org/maven2/org/openrewrite/rewrite-core/8.42.4/rewrite-core-8.42.4.pom (5.8 kB at 308 kB/s)
[INFO] Downloading from spring-snapshots: https://repo.spring.io/snapshot/org/openrewrite/tools/jgit/1.2.0/jgit-1.2.0.pom
[INFO] Downloading from spring-milestones: https://repo.spring.io/milestone/org/openrewrite/tools/jgit/1.2.0/jgit-1.2.0.pom
[INFO] Downloading from central: https://repo.maven.apache.org/maven2/org/openrewrite/tools/jgit/1.2.0/jgit-1.2.0.pom
[INFO] Downloaded from central: https://repo.maven.apache.org/maven2/org/openrewrite/tools/jgit/1.2.0/jgit-1.2.0.pom (3.3 kB at 145 kB/s)
[INFO] Downloading from spring-snapshots: https://repo.spring.io/snapshot/com/fasterxml/jackson/jackson-bom/2.16.1/jackson-bom-2.16.1.pom
[INFO] Downloading from spring-milestones: https://repo.spring.io/milestone/com/fasterxml/jackson/jackson-bom/2.16.1/jackson-bom-2.16.1.pom
[INFO] Downloading from central: https://repo.maven.apache.org/maven2/com/fasterxml/jackson/jackson-bom/2.16.1/jackson-bom-2.16.1.pom
[INFO] Downloaded from central: https://repo.maven.apache.org/maven2/com/fasterxml/jackson/jackson-bom/2.16.1/jackson-bom-2.16.1.pom (18 kB at 911 kB/s)
[INFO] Downloading from spring-snapshots: https://repo.spring.io/snapshot/com/fasterxml/jackson/jackson-parent/2.16/jackson-parent-2.16.pom
[INFO] Downloading from spring-milestones: https://repo.spring.io/milestone/com/fasterxml/jackson/jackson-parent/2.16/jackson-parent-2.16.pom
[INFO] Downloading from central: https://repo.maven.apache.org/maven2/com/fasterxml/jackson/jackson-parent/2.16/jackson-parent-2.16.pom
[INFO] Downloaded from central: https://repo.maven.apache.org/maven2/com/fasterxml/jackson/jackson-parent/2.16/jackson-parent-2.16.pom (6.5 kB at 326 kB/s)
[INFO] Downloading from spring-snapshots: https://repo.spring.io/snapshot/org/jetbrains/annotations/24.1.0/annotations-24.1.0.pom
[INFO] Downloading from spring-milestones: https://repo.spring.io/milestone/org/jetbrains/annotations/24.1.0/annotations-24.1.0.pom
[INFO] Downloading from central: https://repo.maven.apache.org/maven2/org/jetbrains/annotations/24.1.0/annotations-24.1.0.pom
[INFO] Downloaded from central: https://repo.maven.apache.org/maven2/org/jetbrains/annotations/24.1.0/annotations-24.1.0.pom (1.3 kB at 60 kB/s)
[INFO] Downloading from spring-snapshots: https://repo.spring.io/snapshot/com/fasterxml/jackson/dataformat/jackson-dataformat-smile/2.17.2/jackson-dataformat-smile-2.17.2.pom
[INFO] Downloading from spring-milestones: https://repo.spring.io/milestone/com/fasterxml/jackson/dataformat/jackson-dataformat-smile/2.17.2/jackson-dataformat-smile-2.17.2.pom
[INFO] Downloading from central: https://repo.maven.apache.org/maven2/com/fasterxml/jackson/dataformat/jackson-dataformat-smile/2.17.2/jackson-dataformat-smile-2.17.2.pom
[INFO] Downloaded from central: https://repo.maven.apache.org/maven2/com/fasterxml/jackson/dataformat/jackson-dataformat-smile/2.17.2/jackson-dataformat-smile-2.17.2.pom (3.4 kB at 161 kB/s)
[INFO] Downloading from spring-snapshots: https://repo.spring.io/snapshot/com/fasterxml/jackson/dataformat/jackson-dataformats-binary/2.17.2/jackson-dataformats-binary-2.17.2.pom
[INFO] Downloading from spring-milestones: https://repo.spring.io/milestone/com/fasterxml/jackson/dataformat/jackson-dataformats-binary/2.17.2/jackson-dataformats-binary-2.17.2.pom
[INFO] Downloading from central: https://repo.maven.apache.org/maven2/com/fasterxml/jackson/dataformat/jackson-dataformats-binary/2.17.2/jackson-dataformats-binary-2.17.2.pom
[INFO] Downloaded from central: https://repo.maven.apache.org/maven2/com/fasterxml/jackson/dataformat/jackson-dataformats-binary/2.17.2/jackson-dataformats-binary-2.17.2.pom (3.8 kB at 182 kB/s)
[INFO] Downloading from spring-snapshots: https://repo.spring.io/snapshot/com/fasterxml/jackson/module/jackson-module-parameter-names/2.17.2/jackson-module-parameter-names-2.17.2.pom
[INFO] Downloading from spring-milestones: https://repo.spring.io/milestone/com/fasterxml/jackson/module/jackson-module-parameter-names/2.17.2/jackson-module-parameter-names-2.17.2.pom
[INFO] Downloading from central: https://repo.maven.apache.org/maven2/com/fasterxml/jackson/module/jackson-module-parameter-names/2.17.2/jackson-module-parameter-names-2.17.2.pom
[INFO] Downloaded from central: https://repo.maven.apache.org/maven2/com/fasterxml/jackson/module/jackson-module-parameter-names/2.17.2/jackson-module-parameter-names-2.17.2.pom (4.2 kB at 235 kB/s)
[INFO] Downloading from spring-snapshots: https://repo.spring.io/snapshot/com/fasterxml/jackson/module/jackson-modules-java8/2.17.2/jackson-modules-java8-2.17.2.pom
[INFO] Downloading from spring-milestones: https://repo.spring.io/milestone/com/fasterxml/jackson/module/jackson-modules-java8/2.17.2/jackson-modules-java8-2.17.2.pom
[INFO] Downloading from central: https://repo.maven.apache.org/maven2/com/fasterxml/jackson/module/jackson-modules-java8/2.17.2/jackson-modules-java8-2.17.2.pom
[INFO] Downloaded from central: https://repo.maven.apache.org/maven2/com/fasterxml/jackson/module/jackson-modules-java8/2.17.2/jackson-modules-java8-2.17.2.pom (3.1 kB at 148 kB/s)
[INFO] Downloading from spring-snapshots: https://repo.spring.io/snapshot/com/fasterxml/jackson/datatype/jackson-datatype-jsr310/2.17.2/jackson-datatype-jsr310-2.17.2.pom
[INFO] Downloading from spring-milestones: https://repo.spring.io/milestone/com/fasterxml/jackson/datatype/jackson-datatype-jsr310/2.17.2/jackson-datatype-jsr310-2.17.2.pom
[INFO] Downloading from central: https://repo.maven.apache.org/maven2/com/fasterxml/jackson/datatype/jackson-datatype-jsr310/2.17.2/jackson-datatype-jsr310-2.17.2.pom
[INFO] Downloaded from central: https://repo.maven.apache.org/maven2/com/fasterxml/jackson/datatype/jackson-datatype-jsr310/2.17.2/jackson-datatype-jsr310-2.17.2.pom (4.9 kB at 234 kB/s)
[INFO] Downloading from spring-snapshots: https://repo.spring.io/snapshot/org/jetbrains/annotations/26.0.1/annotations-26.0.1.pom
[INFO] Downloading from spring-milestones: https://repo.spring.io/milestone/org/jetbrains/annotations/26.0.1/annotations-26.0.1.pom
[INFO] Downloading from central: https://repo.maven.apache.org/maven2/org/jetbrains/annotations/26.0.1/annotations-26.0.1.pom
[INFO] Downloaded from central: https://repo.maven.apache.org/maven2/org/jetbrains/annotations/26.0.1/annotations-26.0.1.pom (1.7 kB at 65 kB/s)
[INFO] Downloading from spring-snapshots: https://repo.spring.io/snapshot/org/openrewrite/tools/java-object-diff/1.0.1/java-object-diff-1.0.1.pom
[INFO] Downloading from spring-milestones: https://repo.spring.io/milestone/org/openrewrite/tools/java-object-diff/1.0.1/java-object-diff-1.0.1.pom
[INFO] Downloading from central: https://repo.maven.apache.org/maven2/org/openrewrite/tools/java-object-diff/1.0.1/java-object-diff-1.0.1.pom
[INFO] Downloaded from central: https://repo.maven.apache.org/maven2/org/openrewrite/tools/java-object-diff/1.0.1/java-object-diff-1.0.1.pom (3.5 kB at 192 kB/s)
[INFO] Downloading from spring-snapshots: https://repo.spring.io/snapshot/com/fasterxml/jackson/jackson-bom/2.13.4.20221013/jackson-bom-2.13.4.20221013.pom
[INFO] Downloading from spring-milestones: https://repo.spring.io/milestone/com/fasterxml/jackson/jackson-bom/2.13.4.20221013/jackson-bom-2.13.4.20221013.pom
[INFO] Downloading from central: https://repo.maven.apache.org/maven2/com/fasterxml/jackson/jackson-bom/2.13.4.20221013/jackson-bom-2.13.4.20221013.pom
[INFO] Downloaded from central: https://repo.maven.apache.org/maven2/com/fasterxml/jackson/jackson-bom/2.13.4.20221013/jackson-bom-2.13.4.20221013.pom (17 kB at 868 kB/s)
[INFO] Downloading from spring-snapshots: https://repo.spring.io/snapshot/org/jetbrains/annotations/24.0.0/annotations-24.0.0.pom
[INFO] Downloading from spring-milestones: https://repo.spring.io/milestone/org/jetbrains/annotations/24.0.0/annotations-24.0.0.pom
[INFO] Downloading from central: https://repo.maven.apache.org/maven2/org/jetbrains/annotations/24.0.0/annotations-24.0.0.pom
[INFO] Downloaded from central: https://repo.maven.apache.org/maven2/org/jetbrains/annotations/24.0.0/annotations-24.0.0.pom (1.3 kB at 35 kB/s)
[INFO] Downloading from spring-snapshots: https://repo.spring.io/snapshot/io/quarkus/gizmo/gizmo/1.0.11.Final/gizmo-1.0.11.Final.pom
[INFO] Downloading from spring-milestones: https://repo.spring.io/milestone/io/quarkus/gizmo/gizmo/1.0.11.Final/gizmo-1.0.11.Final.pom
[INFO] Downloading from central: https://repo.maven.apache.org/maven2/io/quarkus/gizmo/gizmo/1.0.11.Final/gizmo-1.0.11.Final.pom
[INFO] Downloaded from central: https://repo.maven.apache.org/maven2/io/quarkus/gizmo/gizmo/1.0.11.Final/gizmo-1.0.11.Final.pom (10 kB at 484 kB/s)
[INFO] Downloading from spring-snapshots: https://repo.spring.io/snapshot/org/ow2/asm/asm-util/9.3/asm-util-9.3.pom
[INFO] Downloading from spring-milestones: https://repo.spring.io/milestone/org/ow2/asm/asm-util/9.3/asm-util-9.3.pom
[INFO] Downloading from central: https://repo.maven.apache.org/maven2/org/ow2/asm/asm-util/9.3/asm-util-9.3.pom
[INFO] Downloaded from central: https://repo.maven.apache.org/maven2/org/ow2/asm/asm-util/9.3/asm-util-9.3.pom (2.9 kB at 133 kB/s)
[INFO] Downloading from spring-snapshots: https://repo.spring.io/snapshot/org/ow2/asm/asm-tree/9.3/asm-tree-9.3.pom
[INFO] Downloading from spring-milestones: https://repo.spring.io/milestone/org/ow2/asm/asm-tree/9.3/asm-tree-9.3.pom
[INFO] Downloading from central: https://repo.maven.apache.org/maven2/org/ow2/asm/asm-tree/9.3/asm-tree-9.3.pom
[INFO] Downloaded from central: https://repo.maven.apache.org/maven2/org/ow2/asm/asm-tree/9.3/asm-tree-9.3.pom (2.6 kB at 136 kB/s)
[INFO] Downloading from spring-snapshots: https://repo.spring.io/snapshot/org/ow2/asm/asm-analysis/9.3/asm-analysis-9.3.pom
[INFO] Downloading from spring-milestones: https://repo.spring.io/milestone/org/ow2/asm/asm-analysis/9.3/asm-analysis-9.3.pom
[INFO] Downloading from central: https://repo.maven.apache.org/maven2/org/ow2/asm/asm-analysis/9.3/asm-analysis-9.3.pom
[INFO] Downloaded from central: https://repo.maven.apache.org/maven2/org/ow2/asm/asm-analysis/9.3/asm-analysis-9.3.pom (2.6 kB at 119 kB/s)
[INFO] Downloading from spring-snapshots: https://repo.spring.io/snapshot/org/jboss/jandex/2.4.2.Final/jandex-2.4.2.Final.pom
[INFO] Downloading from spring-milestones: https://repo.spring.io/milestone/org/jboss/jandex/2.4.2.Final/jandex-2.4.2.Final.pom
[INFO] Downloading from central: https://repo.maven.apache.org/maven2/org/jboss/jandex/2.4.2.Final/jandex-2.4.2.Final.pom
[INFO] Downloaded from central: https://repo.maven.apache.org/maven2/org/jboss/jandex/2.4.2.Final/jandex-2.4.2.Final.pom (6.8 kB at 308 kB/s)
[INFO] Downloading from spring-snapshots: https://repo.spring.io/snapshot/org/jboss/jboss-parent/12/jboss-parent-12.pom
[INFO] Downloading from spring-milestones: https://repo.spring.io/milestone/org/jboss/jboss-parent/12/jboss-parent-12.pom
[INFO] Downloading from central: https://repo.maven.apache.org/maven2/org/jboss/jboss-parent/12/jboss-parent-12.pom
[INFO] Downloaded from central: https://repo.maven.apache.org/maven2/org/jboss/jboss-parent/12/jboss-parent-12.pom (32 kB at 1.2 MB/s)
[INFO] Downloading from spring-snapshots: https://repo.spring.io/snapshot/net/java/dev/jna/jna-platform/5.16.0/jna-platform-5.16.0.pom
[INFO] Downloading from spring-milestones: https://repo.spring.io/milestone/net/java/dev/jna/jna-platform/5.16.0/jna-platform-5.16.0.pom
[INFO] Downloading from central: https://repo.maven.apache.org/maven2/net/java/dev/jna/jna-platform/5.16.0/jna-platform-5.16.0.pom
[INFO] Downloaded from central: https://repo.maven.apache.org/maven2/net/java/dev/jna/jna-platform/5.16.0/jna-platform-5.16.0.pom (2.3 kB at 98 kB/s)
[INFO] Downloading from spring-snapshots: https://repo.spring.io/snapshot/net/java/dev/jna/jna/5.16.0/jna-5.16.0.pom
[INFO] Downloading from spring-milestones: https://repo.spring.io/milestone/net/java/dev/jna/jna/5.16.0/jna-5.16.0.pom
[INFO] Downloading from central: https://repo.maven.apache.org/maven2/net/java/dev/jna/jna/5.16.0/jna-5.16.0.pom
[INFO] Downloaded from central: https://repo.maven.apache.org/maven2/net/java/dev/jna/jna/5.16.0/jna-5.16.0.pom (2.0 kB at 92 kB/s)
[INFO] Downloading from spring-snapshots: https://repo.spring.io/snapshot/org/apache/commons/commons-compress/1.27.1/commons-compress-1.27.1.pom
[INFO] Downloading from spring-milestones: https://repo.spring.io/milestone/org/apache/commons/commons-compress/1.27.1/commons-compress-1.27.1.pom
[INFO] Downloading from central: https://repo.maven.apache.org/maven2/org/apache/commons/commons-compress/1.27.1/commons-compress-1.27.1.pom
[INFO] Downloaded from central: https://repo.maven.apache.org/maven2/org/apache/commons/commons-compress/1.27.1/commons-compress-1.27.1.pom (23 kB at 886 kB/s)
[INFO] Downloading from spring-snapshots: https://repo.spring.io/snapshot/org/apache/commons/commons-parent/72/commons-parent-72.pom
[INFO] Downloading from spring-milestones: https://repo.spring.io/milestone/org/apache/commons/commons-parent/72/commons-parent-72.pom
[INFO] Downloading from central: https://repo.maven.apache.org/maven2/org/apache/commons/commons-parent/72/commons-parent-72.pom
[INFO] Downloaded from central: https://repo.maven.apache.org/maven2/org/apache/commons/commons-parent/72/commons-parent-72.pom (78 kB at 2.7 MB/s)
[INFO] Downloading from spring-snapshots: https://repo.spring.io/snapshot/org/apache/commons/commons-lang3/3.16.0/commons-lang3-3.16.0.pom
[INFO] Downloading from spring-milestones: https://repo.spring.io/milestone/org/apache/commons/commons-lang3/3.16.0/commons-lang3-3.16.0.pom
[INFO] Downloading from central: https://repo.maven.apache.org/maven2/org/apache/commons/commons-lang3/3.16.0/commons-lang3-3.16.0.pom
[INFO] Downloaded from central: https://repo.maven.apache.org/maven2/org/apache/commons/commons-lang3/3.16.0/commons-lang3-3.16.0.pom (31 kB at 1.4 MB/s)
[INFO] Downloading from spring-snapshots: https://repo.spring.io/snapshot/io/micrometer/micrometer-core/1.9.17/micrometer-core-1.9.17.pom
[INFO] Downloading from spring-milestones: https://repo.spring.io/milestone/io/micrometer/micrometer-core/1.9.17/micrometer-core-1.9.17.pom
[INFO] Downloading from central: https://repo.maven.apache.org/maven2/io/micrometer/micrometer-core/1.9.17/micrometer-core-1.9.17.pom
[INFO] Downloaded from central: https://repo.maven.apache.org/maven2/io/micrometer/micrometer-core/1.9.17/micrometer-core-1.9.17.pom (8.5 kB at 448 kB/s)
[INFO] Downloading from spring-snapshots: https://repo.spring.io/snapshot/io/github/classgraph/classgraph/4.8.179/classgraph-4.8.179.pom
[INFO] Downloading from spring-milestones: https://repo.spring.io/milestone/io/github/classgraph/classgraph/4.8.179/classgraph-4.8.179.pom
[INFO] Downloading from central: https://repo.maven.apache.org/maven2/io/github/classgraph/classgraph/4.8.179/classgraph-4.8.179.pom
[INFO] Downloaded from central: https://repo.maven.apache.org/maven2/io/github/classgraph/classgraph/4.8.179/classgraph-4.8.179.pom (30 kB at 1.4 MB/s)
[INFO] Downloading from spring-snapshots: https://repo.spring.io/snapshot/org/yaml/snakeyaml/2.3/snakeyaml-2.3.pom
[INFO] Downloading from spring-milestones: https://repo.spring.io/milestone/org/yaml/snakeyaml/2.3/snakeyaml-2.3.pom
[INFO] Downloading from central: https://repo.maven.apache.org/maven2/org/yaml/snakeyaml/2.3/snakeyaml-2.3.pom
[INFO] Downloaded from central: https://repo.maven.apache.org/maven2/org/yaml/snakeyaml/2.3/snakeyaml-2.3.pom (22 kB at 1.1 MB/s)
[INFO] Downloading from spring-snapshots: https://repo.spring.io/snapshot/org/openrewrite/rewrite-yaml/8.42.4/rewrite-yaml-8.42.4.pom
[INFO] Downloading from spring-milestones: https://repo.spring.io/milestone/org/openrewrite/rewrite-yaml/8.42.4/rewrite-yaml-8.42.4.pom
[INFO] Downloading from central: https://repo.maven.apache.org/maven2/org/openrewrite/rewrite-yaml/8.42.4/rewrite-yaml-8.42.4.pom
[INFO] Downloaded from central: https://repo.maven.apache.org/maven2/org/openrewrite/rewrite-yaml/8.42.4/rewrite-yaml-8.42.4.pom (4.1 kB at 93 kB/s)
[INFO] Downloading from spring-snapshots: https://repo.spring.io/snapshot/org/antlr/antlr4-runtime/4.11.1/antlr4-runtime-4.11.1.pom
[INFO] Downloading from spring-milestones: https://repo.spring.io/milestone/org/antlr/antlr4-runtime/4.11.1/antlr4-runtime-4.11.1.pom
[INFO] Downloading from central: https://repo.maven.apache.org/maven2/org/antlr/antlr4-runtime/4.11.1/antlr4-runtime-4.11.1.pom
[INFO] Downloaded from central: https://repo.maven.apache.org/maven2/org/antlr/antlr4-runtime/4.11.1/antlr4-runtime-4.11.1.pom (3.6 kB at 187 kB/s)
[INFO] Downloading from spring-snapshots: https://repo.spring.io/snapshot/org/antlr/antlr4-master/4.11.1/antlr4-master-4.11.1.pom
[INFO] Downloading from spring-milestones: https://repo.spring.io/milestone/org/antlr/antlr4-master/4.11.1/antlr4-master-4.11.1.pom
[INFO] Downloading from central: https://repo.maven.apache.org/maven2/org/antlr/antlr4-master/4.11.1/antlr4-master-4.11.1.pom
[INFO] Downloaded from central: https://repo.maven.apache.org/maven2/org/antlr/antlr4-master/4.11.1/antlr4-master-4.11.1.pom (4.4 kB at 201 kB/s)
[INFO] Downloading from spring-snapshots: https://repo.spring.io/snapshot/org/apache/commons/commons-text/1.13.0/commons-text-1.13.0.pom
[INFO] Downloading from spring-milestones: https://repo.spring.io/milestone/org/apache/commons/commons-text/1.13.0/commons-text-1.13.0.pom
[INFO] Downloading from central: https://repo.maven.apache.org/maven2/org/apache/commons/commons-text/1.13.0/commons-text-1.13.0.pom
[INFO] Downloaded from central: https://repo.maven.apache.org/maven2/org/apache/commons/commons-text/1.13.0/commons-text-1.13.0.pom (23 kB at 833 kB/s)
[INFO] Downloading from spring-snapshots: https://repo.spring.io/snapshot/org/apache/commons/commons-parent/78/commons-parent-78.pom
[INFO] Downloading from spring-milestones: https://repo.spring.io/milestone/org/apache/commons/commons-parent/78/commons-parent-78.pom
[INFO] Downloading from central: https://repo.maven.apache.org/maven2/org/apache/commons/commons-parent/78/commons-parent-78.pom
[INFO] Downloaded from central: https://repo.maven.apache.org/maven2/org/apache/commons/commons-parent/78/commons-parent-78.pom (78 kB at 2.4 MB/s)
[INFO] Downloading from spring-snapshots: https://repo.spring.io/snapshot/org/xerial/snappy/snappy-java/1.1.10.7/snappy-java-1.1.10.7.pom
[INFO] Downloading from spring-milestones: https://repo.spring.io/milestone/org/xerial/snappy/snappy-java/1.1.10.7/snappy-java-1.1.10.7.pom
[INFO] Downloading from central: https://repo.maven.apache.org/maven2/org/xerial/snappy/snappy-java/1.1.10.7/snappy-java-1.1.10.7.pom
[INFO] Downloaded from central: https://repo.maven.apache.org/maven2/org/xerial/snappy/snappy-java/1.1.10.7/snappy-java-1.1.10.7.pom (3.1 kB at 139 kB/s)
[INFO] Downloading from spring-snapshots: https://repo.spring.io/snapshot/org/ow2/asm/asm-util/9.7.1/asm-util-9.7.1.pom
[INFO] Downloading from spring-milestones: https://repo.spring.io/milestone/org/ow2/asm/asm-util/9.7.1/asm-util-9.7.1.pom
[INFO] Downloading from central: https://repo.maven.apache.org/maven2/org/ow2/asm/asm-util/9.7.1/asm-util-9.7.1.pom
[INFO] Downloaded from central: https://repo.maven.apache.org/maven2/org/ow2/asm/asm-util/9.7.1/asm-util-9.7.1.pom (2.9 kB at 140 kB/s)
[INFO] Downloading from spring-snapshots: https://repo.spring.io/snapshot/org/ow2/asm/asm-tree/9.7.1/asm-tree-9.7.1.pom
[INFO] Downloading from spring-milestones: https://repo.spring.io/milestone/org/ow2/asm/asm-tree/9.7.1/asm-tree-9.7.1.pom
[INFO] Downloading from central: https://repo.maven.apache.org/maven2/org/ow2/asm/asm-tree/9.7.1/asm-tree-9.7.1.pom
[INFO] Downloaded from central: https://repo.maven.apache.org/maven2/org/ow2/asm/asm-tree/9.7.1/asm-tree-9.7.1.pom (2.6 kB at 130 kB/s)
[INFO] Downloading from spring-snapshots: https://repo.spring.io/snapshot/org/ow2/asm/asm-analysis/9.7.1/asm-analysis-9.7.1.pom
[INFO] Downloading from spring-milestones: https://repo.spring.io/milestone/org/ow2/asm/asm-analysis/9.7.1/asm-analysis-9.7.1.pom
[INFO] Downloading from central: https://repo.maven.apache.org/maven2/org/ow2/asm/asm-analysis/9.7.1/asm-analysis-9.7.1.pom
[INFO] Downloaded from central: https://repo.maven.apache.org/maven2/org/ow2/asm/asm-analysis/9.7.1/asm-analysis-9.7.1.pom (2.6 kB at 138 kB/s)
[INFO] Downloading from spring-snapshots: https://repo.spring.io/snapshot/org/openrewrite/rewrite-properties/8.42.4/rewrite-properties-8.42.4.pom
[INFO] Downloading from spring-milestones: https://repo.spring.io/milestone/org/openrewrite/rewrite-properties/8.42.4/rewrite-properties-8.42.4.pom
[INFO] Downloading from central: https://repo.maven.apache.org/maven2/org/openrewrite/rewrite-properties/8.42.4/rewrite-properties-8.42.4.pom
[INFO] Downloaded from central: https://repo.maven.apache.org/maven2/org/openrewrite/rewrite-properties/8.42.4/rewrite-properties-8.42.4.pom (3.8 kB at 172 kB/s)
[INFO] Downloading from spring-snapshots: https://repo.spring.io/snapshot/org/openrewrite/rewrite-xml/8.42.4/rewrite-xml-8.42.4.pom
[INFO] Downloading from spring-milestones: https://repo.spring.io/milestone/org/openrewrite/rewrite-xml/8.42.4/rewrite-xml-8.42.4.pom
[INFO] Downloading from central: https://repo.maven.apache.org/maven2/org/openrewrite/rewrite-xml/8.42.4/rewrite-xml-8.42.4.pom
[INFO] Downloaded from central: https://repo.maven.apache.org/maven2/org/openrewrite/rewrite-xml/8.42.4/rewrite-xml-8.42.4.pom (4.1 kB at 196 kB/s)
[INFO] Downloading from spring-snapshots: https://repo.spring.io/snapshot/org/apache/commons/commons-text/1.11.0/commons-text-1.11.0.pom
[INFO] Downloading from spring-milestones: https://repo.spring.io/milestone/org/apache/commons/commons-text/1.11.0/commons-text-1.11.0.pom
[INFO] Downloading from central: https://repo.maven.apache.org/maven2/org/apache/commons/commons-text/1.11.0/commons-text-1.11.0.pom
[INFO] Downloaded from central: https://repo.maven.apache.org/maven2/org/apache/commons/commons-text/1.11.0/commons-text-1.11.0.pom (19 kB at 882 kB/s)
[INFO] Downloading from spring-snapshots: https://repo.spring.io/snapshot/org/openrewrite/rewrite-java-8/8.42.4/rewrite-java-8-8.42.4.pom
[INFO] Downloading from spring-milestones: https://repo.spring.io/milestone/org/openrewrite/rewrite-java-8/8.42.4/rewrite-java-8-8.42.4.pom
[INFO] Downloading from central: https://repo.maven.apache.org/maven2/org/openrewrite/rewrite-java-8/8.42.4/rewrite-java-8-8.42.4.pom
[INFO] Downloaded from central: https://repo.maven.apache.org/maven2/org/openrewrite/rewrite-java-8/8.42.4/rewrite-java-8-8.42.4.pom (3.7 kB at 187 kB/s)
[INFO] Downloading from spring-snapshots: https://repo.spring.io/snapshot/org/openrewrite/rewrite-java-11/8.42.4/rewrite-java-11-8.42.4.pom
[INFO] Downloading from spring-milestones: https://repo.spring.io/milestone/org/openrewrite/rewrite-java-11/8.42.4/rewrite-java-11-8.42.4.pom
[INFO] Downloading from central: https://repo.maven.apache.org/maven2/org/openrewrite/rewrite-java-11/8.42.4/rewrite-java-11-8.42.4.pom
[INFO] Downloaded from central: https://repo.maven.apache.org/maven2/org/openrewrite/rewrite-java-11/8.42.4/rewrite-java-11-8.42.4.pom (4.3 kB at 195 kB/s)
[INFO] Downloading from spring-snapshots: https://repo.spring.io/snapshot/org/openrewrite/rewrite-java-lombok/8.42.4/rewrite-java-lombok-8.42.4.pom
[INFO] Downloading from spring-milestones: https://repo.spring.io/milestone/org/openrewrite/rewrite-java-lombok/8.42.4/rewrite-java-lombok-8.42.4.pom
[INFO] Downloading from central: https://repo.maven.apache.org/maven2/org/openrewrite/rewrite-java-lombok/8.42.4/rewrite-java-lombok-8.42.4.pom
[INFO] Downloaded from central: https://repo.maven.apache.org/maven2/org/openrewrite/rewrite-java-lombok/8.42.4/rewrite-java-lombok-8.42.4.pom (3.6 kB at 89 kB/s)
[INFO] Downloading from spring-snapshots: https://repo.spring.io/snapshot/org/projectlombok/lombok/1.18.36/lombok-1.18.36.pom
[INFO] Downloading from spring-milestones: https://repo.spring.io/milestone/org/projectlombok/lombok/1.18.36/lombok-1.18.36.pom
[INFO] Downloading from central: https://repo.maven.apache.org/maven2/org/projectlombok/lombok/1.18.36/lombok-1.18.36.pom
[INFO] Downloaded from central: https://repo.maven.apache.org/maven2/org/projectlombok/lombok/1.18.36/lombok-1.18.36.pom (1.5 kB at 48 kB/s)
[INFO] Downloading from spring-snapshots: https://repo.spring.io/snapshot/org/openrewrite/rewrite-java-17/8.42.4/rewrite-java-17-8.42.4.pom
[INFO] Downloading from spring-milestones: https://repo.spring.io/milestone/org/openrewrite/rewrite-java-17/8.42.4/rewrite-java-17-8.42.4.pom
[INFO] Downloading from central: https://repo.maven.apache.org/maven2/org/openrewrite/rewrite-java-17/8.42.4/rewrite-java-17-8.42.4.pom
[INFO] Downloaded from central: https://repo.maven.apache.org/maven2/org/openrewrite/rewrite-java-17/8.42.4/rewrite-java-17-8.42.4.pom (4.3 kB at 179 kB/s)
[INFO] Downloading from spring-snapshots: https://repo.spring.io/snapshot/org/openrewrite/rewrite-java-21/8.42.4/rewrite-java-21-8.42.4.pom
[INFO] Downloading from spring-milestones: https://repo.spring.io/milestone/org/openrewrite/rewrite-java-21/8.42.4/rewrite-java-21-8.42.4.pom
[INFO] Downloading from central: https://repo.maven.apache.org/maven2/org/openrewrite/rewrite-java-21/8.42.4/rewrite-java-21-8.42.4.pom
[INFO] Downloaded from central: https://repo.maven.apache.org/maven2/org/openrewrite/rewrite-java-21/8.42.4/rewrite-java-21-8.42.4.pom (4.1 kB at 205 kB/s)
[INFO] Downloading from spring-snapshots: https://repo.spring.io/snapshot/org/openrewrite/rewrite-maven/8.42.4/rewrite-maven-8.42.4.pom
[INFO] Downloading from spring-milestones: https://repo.spring.io/milestone/org/openrewrite/rewrite-maven/8.42.4/rewrite-maven-8.42.4.pom
[INFO] Downloading from central: https://repo.maven.apache.org/maven2/org/openrewrite/rewrite-maven/8.42.4/rewrite-maven-8.42.4.pom
[INFO] Downloaded from central: https://repo.maven.apache.org/maven2/org/openrewrite/rewrite-maven/8.42.4/rewrite-maven-8.42.4.pom (5.9 kB at 294 kB/s)
[INFO] Downloading from spring-snapshots: https://repo.spring.io/snapshot/com/github/ben-manes/caffeine/caffeine/2.9.3/caffeine-2.9.3.pom
[INFO] Downloading from spring-milestones: https://repo.spring.io/milestone/com/github/ben-manes/caffeine/caffeine/2.9.3/caffeine-2.9.3.pom
[INFO] Downloading from central: https://repo.maven.apache.org/maven2/com/github/ben-manes/caffeine/caffeine/2.9.3/caffeine-2.9.3.pom
[INFO] Downloaded from central: https://repo.maven.apache.org/maven2/com/github/ben-manes/caffeine/caffeine/2.9.3/caffeine-2.9.3.pom (2.1 kB at 109 kB/s)
[INFO] Downloading from spring-snapshots: https://repo.spring.io/snapshot/org/checkerframework/checker-qual/3.19.0/checker-qual-3.19.0.pom
[INFO] Downloading from spring-milestones: https://repo.spring.io/milestone/org/checkerframework/checker-qual/3.19.0/checker-qual-3.19.0.pom
[INFO] Downloading from central: https://repo.maven.apache.org/maven2/org/checkerframework/checker-qual/3.19.0/checker-qual-3.19.0.pom
[INFO] Downloaded from central: https://repo.maven.apache.org/maven2/org/checkerframework/checker-qual/3.19.0/checker-qual-3.19.0.pom (2.1 kB at 105 kB/s)
[INFO] Downloading from spring-snapshots: https://repo.spring.io/snapshot/com/google/errorprone/error_prone_annotations/2.10.0/error_prone_annotations-2.10.0.pom
[INFO] Downloading from spring-milestones: https://repo.spring.io/milestone/com/google/errorprone/error_prone_annotations/2.10.0/error_prone_annotations-2.10.0.pom
[INFO] Downloading from central: https://repo.maven.apache.org/maven2/com/google/errorprone/error_prone_annotations/2.10.0/error_prone_annotations-2.10.0.pom
[INFO] Downloaded from central: https://repo.maven.apache.org/maven2/com/google/errorprone/error_prone_annotations/2.10.0/error_prone_annotations-2.10.0.pom (2.1 kB at 106 kB/s)
[INFO] Downloading from spring-snapshots: https://repo.spring.io/snapshot/com/google/errorprone/error_prone_parent/2.10.0/error_prone_parent-2.10.0.pom
[INFO] Downloading from spring-milestones: https://repo.spring.io/milestone/com/google/errorprone/error_prone_parent/2.10.0/error_prone_parent-2.10.0.pom
[INFO] Downloading from central: https://repo.maven.apache.org/maven2/com/google/errorprone/error_prone_parent/2.10.0/error_prone_parent-2.10.0.pom
[INFO] Downloaded from central: https://repo.maven.apache.org/maven2/com/google/errorprone/error_prone_parent/2.10.0/error_prone_parent-2.10.0.pom (10 kB at 456 kB/s)
[INFO] Downloading from spring-snapshots: https://repo.spring.io/snapshot/dev/failsafe/failsafe/3.3.2/failsafe-3.3.2.pom
[INFO] Downloading from spring-milestones: https://repo.spring.io/milestone/dev/failsafe/failsafe/3.3.2/failsafe-3.3.2.pom
[INFO] Downloading from central: https://repo.maven.apache.org/maven2/dev/failsafe/failsafe/3.3.2/failsafe-3.3.2.pom
[INFO] Downloaded from central: https://repo.maven.apache.org/maven2/dev/failsafe/failsafe/3.3.2/failsafe-3.3.2.pom (1.0 kB at 42 kB/s)
[INFO] Downloading from spring-snapshots: https://repo.spring.io/snapshot/dev/failsafe/failsafe-parent/3.3.2/failsafe-parent-3.3.2.pom
[INFO] Downloading from spring-milestones: https://repo.spring.io/milestone/dev/failsafe/failsafe-parent/3.3.2/failsafe-parent-3.3.2.pom
[INFO] Downloading from central: https://repo.maven.apache.org/maven2/dev/failsafe/failsafe-parent/3.3.2/failsafe-parent-3.3.2.pom
[INFO] Downloaded from central: https://repo.maven.apache.org/maven2/dev/failsafe/failsafe-parent/3.3.2/failsafe-parent-3.3.2.pom (9.2 kB at 287 kB/s)
[INFO] Downloading from spring-snapshots: https://repo.spring.io/snapshot/com/fasterxml/jackson/module/jackson-module-jaxb-annotations/2.17.2/jackson-module-jaxb-annotations-2.17.2.pom
[INFO] Downloading from spring-milestones: https://repo.spring.io/milestone/com/fasterxml/jackson/module/jackson-module-jaxb-annotations/2.17.2/jackson-module-jaxb-annotations-2.17.2.pom
[INFO] Downloading from central: https://repo.maven.apache.org/maven2/com/fasterxml/jackson/module/jackson-module-jaxb-annotations/2.17.2/jackson-module-jaxb-annotations-2.17.2.pom
[INFO] Downloaded from central: https://repo.maven.apache.org/maven2/com/fasterxml/jackson/module/jackson-module-jaxb-annotations/2.17.2/jackson-module-jaxb-annotations-2.17.2.pom (3.8 kB at 180 kB/s)
[INFO] Downloading from spring-snapshots: https://repo.spring.io/snapshot/com/fasterxml/jackson/module/jackson-modules-base/2.17.2/jackson-modules-base-2.17.2.pom
[INFO] Downloading from spring-milestones: https://repo.spring.io/milestone/com/fasterxml/jackson/module/jackson-modules-base/2.17.2/jackson-modules-base-2.17.2.pom
[INFO] Downloading from central: https://repo.maven.apache.org/maven2/com/fasterxml/jackson/module/jackson-modules-base/2.17.2/jackson-modules-base-2.17.2.pom
[INFO] Downloaded from central: https://repo.maven.apache.org/maven2/com/fasterxml/jackson/module/jackson-modules-base/2.17.2/jackson-modules-base-2.17.2.pom (4.1 kB at 141 kB/s)
[INFO] Downloading from spring-snapshots: https://repo.spring.io/snapshot/jakarta/xml/bind/jakarta.xml.bind-api/2.3.3/jakarta.xml.bind-api-2.3.3.pom
[INFO] Downloading from spring-milestones: https://repo.spring.io/milestone/jakarta/xml/bind/jakarta.xml.bind-api/2.3.3/jakarta.xml.bind-api-2.3.3.pom
[INFO] Downloading from central: https://repo.maven.apache.org/maven2/jakarta/xml/bind/jakarta.xml.bind-api/2.3.3/jakarta.xml.bind-api-2.3.3.pom
[INFO] Downloaded from central: https://repo.maven.apache.org/maven2/jakarta/xml/bind/jakarta.xml.bind-api/2.3.3/jakarta.xml.bind-api-2.3.3.pom (13 kB at 559 kB/s)
[INFO] Downloading from spring-snapshots: https://repo.spring.io/snapshot/jakarta/xml/bind/jakarta.xml.bind-api-parent/2.3.3/jakarta.xml.bind-api-parent-2.3.3.pom
[INFO] Downloading from spring-milestones: https://repo.spring.io/milestone/jakarta/xml/bind/jakarta.xml.bind-api-parent/2.3.3/jakarta.xml.bind-api-parent-2.3.3.pom
[INFO] Downloading from central: https://repo.maven.apache.org/maven2/jakarta/xml/bind/jakarta.xml.bind-api-parent/2.3.3/jakarta.xml.bind-api-parent-2.3.3.pom
[INFO] Downloaded from central: https://repo.maven.apache.org/maven2/jakarta/xml/bind/jakarta.xml.bind-api-parent/2.3.3/jakarta.xml.bind-api-parent-2.3.3.pom (9.0 kB at 499 kB/s)
[INFO] Downloading from spring-snapshots: https://repo.spring.io/snapshot/jakarta/activation/jakarta.activation-api/1.2.2/jakarta.activation-api-1.2.2.pom
[INFO] Downloading from spring-milestones: https://repo.spring.io/milestone/jakarta/activation/jakarta.activation-api/1.2.2/jakarta.activation-api-1.2.2.pom
[INFO] Downloading from central: https://repo.maven.apache.org/maven2/jakarta/activation/jakarta.activation-api/1.2.2/jakarta.activation-api-1.2.2.pom
[INFO] Downloaded from central: https://repo.maven.apache.org/maven2/jakarta/activation/jakarta.activation-api/1.2.2/jakarta.activation-api-1.2.2.pom (5.3 kB at 312 kB/s)
[INFO] Downloading from spring-snapshots: https://repo.spring.io/snapshot/com/sun/activation/all/1.2.2/all-1.2.2.pom
[INFO] Downloading from spring-milestones: https://repo.spring.io/milestone/com/sun/activation/all/1.2.2/all-1.2.2.pom
[INFO] Downloading from central: https://repo.maven.apache.org/maven2/com/sun/activation/all/1.2.2/all-1.2.2.pom
[INFO] Downloaded from central: https://repo.maven.apache.org/maven2/com/sun/activation/all/1.2.2/all-1.2.2.pom (15 kB at 659 kB/s)
[INFO] Downloading from spring-snapshots: https://repo.spring.io/snapshot/com/fasterxml/jackson/datatype/jackson-datatype-jdk8/2.17.2/jackson-datatype-jdk8-2.17.2.pom
[INFO] Downloading from spring-milestones: https://repo.spring.io/milestone/com/fasterxml/jackson/datatype/jackson-datatype-jdk8/2.17.2/jackson-datatype-jdk8-2.17.2.pom
[INFO] Downloading from central: https://repo.maven.apache.org/maven2/com/fasterxml/jackson/datatype/jackson-datatype-jdk8/2.17.2/jackson-datatype-jdk8-2.17.2.pom
[INFO] Downloaded from central: https://repo.maven.apache.org/maven2/com/fasterxml/jackson/datatype/jackson-datatype-jdk8/2.17.2/jackson-datatype-jdk8-2.17.2.pom (2.6 kB at 118 kB/s)
[INFO] Downloading from spring-snapshots: https://repo.spring.io/snapshot/org/openrewrite/rewrite-hcl/8.42.4/rewrite-hcl-8.42.4.pom
[INFO] Downloading from spring-milestones: https://repo.spring.io/milestone/org/openrewrite/rewrite-hcl/8.42.4/rewrite-hcl-8.42.4.pom
[INFO] Downloading from central: https://repo.maven.apache.org/maven2/org/openrewrite/rewrite-hcl/8.42.4/rewrite-hcl-8.42.4.pom
[INFO] Downloaded from central: https://repo.maven.apache.org/maven2/org/openrewrite/rewrite-hcl/8.42.4/rewrite-hcl-8.42.4.pom (3.9 kB at 164 kB/s)
[INFO] Downloading from spring-snapshots: https://repo.spring.io/snapshot/org/openrewrite/rewrite-json/8.42.4/rewrite-json-8.42.4.pom
[INFO] Downloading from spring-milestones: https://repo.spring.io/milestone/org/openrewrite/rewrite-json/8.42.4/rewrite-json-8.42.4.pom
[INFO] Downloading from central: https://repo.maven.apache.org/maven2/org/openrewrite/rewrite-json/8.42.4/rewrite-json-8.42.4.pom
[INFO] Downloaded from central: https://repo.maven.apache.org/maven2/org/openrewrite/rewrite-json/8.42.4/rewrite-json-8.42.4.pom (3.9 kB at 179 kB/s)
[INFO] Downloading from spring-snapshots: https://repo.spring.io/snapshot/org/openrewrite/rewrite-protobuf/8.42.4/rewrite-protobuf-8.42.4.pom
[INFO] Downloading from spring-milestones: https://repo.spring.io/milestone/org/openrewrite/rewrite-protobuf/8.42.4/rewrite-protobuf-8.42.4.pom
[INFO] Downloading from central: https://repo.maven.apache.org/maven2/org/openrewrite/rewrite-protobuf/8.42.4/rewrite-protobuf-8.42.4.pom
[INFO] Downloaded from central: https://repo.maven.apache.org/maven2/org/openrewrite/rewrite-protobuf/8.42.4/rewrite-protobuf-8.42.4.pom (4.0 kB at 107 kB/s)
[INFO] Downloading from spring-snapshots: https://repo.spring.io/snapshot/org/openrewrite/rewrite-groovy/8.42.4/rewrite-groovy-8.42.4.pom
[INFO] Downloading from spring-milestones: https://repo.spring.io/milestone/org/openrewrite/rewrite-groovy/8.42.4/rewrite-groovy-8.42.4.pom
[INFO] Downloading from central: https://repo.maven.apache.org/maven2/org/openrewrite/rewrite-groovy/8.42.4/rewrite-groovy-8.42.4.pom
[INFO] Downloaded from central: https://repo.maven.apache.org/maven2/org/openrewrite/rewrite-groovy/8.42.4/rewrite-groovy-8.42.4.pom (3.9 kB at 113 kB/s)
[INFO] Downloading from spring-snapshots: https://repo.spring.io/snapshot/org/codehaus/groovy/groovy/3.0.23/groovy-3.0.23.pom
[INFO] Downloading from spring-milestones: https://repo.spring.io/milestone/org/codehaus/groovy/groovy/3.0.23/groovy-3.0.23.pom
[INFO] Downloading from central: https://repo.maven.apache.org/maven2/org/codehaus/groovy/groovy/3.0.23/groovy-3.0.23.pom
[INFO] Downloaded from central: https://repo.maven.apache.org/maven2/org/codehaus/groovy/groovy/3.0.23/groovy-3.0.23.pom (24 kB at 987 kB/s)
[INFO] Downloading from spring-snapshots: https://repo.spring.io/snapshot/org/openrewrite/rewrite-kotlin/1.24.0/rewrite-kotlin-1.24.0.pom
[INFO] Downloading from spring-milestones: https://repo.spring.io/milestone/org/openrewrite/rewrite-kotlin/1.24.0/rewrite-kotlin-1.24.0.pom
[INFO] Downloading from central: https://repo.maven.apache.org/maven2/org/openrewrite/rewrite-kotlin/1.24.0/rewrite-kotlin-1.24.0.pom
[INFO] Downloaded from central: https://repo.maven.apache.org/maven2/org/openrewrite/rewrite-kotlin/1.24.0/rewrite-kotlin-1.24.0.pom (4.2 kB at 182 kB/s)
[INFO] Downloading from spring-snapshots: https://repo.spring.io/snapshot/org/openrewrite/rewrite-bom/8.42.0/rewrite-bom-8.42.0.pom
[INFO] Downloading from spring-milestones: https://repo.spring.io/milestone/org/openrewrite/rewrite-bom/8.42.0/rewrite-bom-8.42.0.pom
[INFO] Downloading from central: https://repo.maven.apache.org/maven2/org/openrewrite/rewrite-bom/8.42.0/rewrite-bom-8.42.0.pom
[INFO] Downloaded from central: https://repo.maven.apache.org/maven2/org/openrewrite/rewrite-bom/8.42.0/rewrite-bom-8.42.0.pom (5.9 kB at 311 kB/s)
[INFO] Downloading from spring-snapshots: https://repo.spring.io/snapshot/org/jetbrains/kotlin/kotlin-compiler-embeddable/1.9.25/kotlin-compiler-embeddable-1.9.25.pom
[INFO] Downloading from spring-milestones: https://repo.spring.io/milestone/org/jetbrains/kotlin/kotlin-compiler-embeddable/1.9.25/kotlin-compiler-embeddable-1.9.25.pom
[INFO] Downloading from central: https://repo.maven.apache.org/maven2/org/jetbrains/kotlin/kotlin-compiler-embeddable/1.9.25/kotlin-compiler-embeddable-1.9.25.pom
[INFO] Downloaded from central: https://repo.maven.apache.org/maven2/org/jetbrains/kotlin/kotlin-compiler-embeddable/1.9.25/kotlin-compiler-embeddable-1.9.25.pom (2.3 kB at 136 kB/s)
[INFO] Downloading from spring-snapshots: https://repo.spring.io/snapshot/org/jetbrains/kotlin/kotlin-stdlib/1.9.25/kotlin-stdlib-1.9.25.pom
[INFO] Downloading from spring-milestones: https://repo.spring.io/milestone/org/jetbrains/kotlin/kotlin-stdlib/1.9.25/kotlin-stdlib-1.9.25.pom
[INFO] Downloading from central: https://repo.maven.apache.org/maven2/org/jetbrains/kotlin/kotlin-stdlib/1.9.25/kotlin-stdlib-1.9.25.pom
[INFO] Downloaded from central: https://repo.maven.apache.org/maven2/org/jetbrains/kotlin/kotlin-stdlib/1.9.25/kotlin-stdlib-1.9.25.pom (2.8 kB at 142 kB/s)
[INFO] Downloading from spring-snapshots: https://repo.spring.io/snapshot/org/jetbrains/annotations/13.0/annotations-13.0.pom
[INFO] Downloading from spring-milestones: https://repo.spring.io/milestone/org/jetbrains/annotations/13.0/annotations-13.0.pom
[INFO] Downloading from central: https://repo.maven.apache.org/maven2/org/jetbrains/annotations/13.0/annotations-13.0.pom
[INFO] Downloaded from central: https://repo.maven.apache.org/maven2/org/jetbrains/annotations/13.0/annotations-13.0.pom (4.9 kB at 259 kB/s)
[INFO] Downloading from spring-snapshots: https://repo.spring.io/snapshot/org/jetbrains/kotlin/kotlin-script-runtime/1.9.25/kotlin-script-runtime-1.9.25.pom
[INFO] Downloading from spring-milestones: https://repo.spring.io/milestone/org/jetbrains/kotlin/kotlin-script-runtime/1.9.25/kotlin-script-runtime-1.9.25.pom
[INFO] Downloading from central: https://repo.maven.apache.org/maven2/org/jetbrains/kotlin/kotlin-script-runtime/1.9.25/kotlin-script-runtime-1.9.25.pom
[INFO] Downloaded from central: https://repo.maven.apache.org/maven2/org/jetbrains/kotlin/kotlin-script-runtime/1.9.25/kotlin-script-runtime-1.9.25.pom (1.2 kB at 50 kB/s)
[INFO] Downloading from spring-snapshots: https://repo.spring.io/snapshot/org/jetbrains/kotlin/kotlin-reflect/1.6.10/kotlin-reflect-1.6.10.pom
[INFO] Downloading from spring-milestones: https://repo.spring.io/milestone/org/jetbrains/kotlin/kotlin-reflect/1.6.10/kotlin-reflect-1.6.10.pom
[INFO] Downloading from central: https://repo.maven.apache.org/maven2/org/jetbrains/kotlin/kotlin-reflect/1.6.10/kotlin-reflect-1.6.10.pom
[INFO] Downloaded from central: https://repo.maven.apache.org/maven2/org/jetbrains/kotlin/kotlin-reflect/1.6.10/kotlin-reflect-1.6.10.pom (1.4 kB at 65 kB/s)
[INFO] Downloading from spring-snapshots: https://repo.spring.io/snapshot/org/jetbrains/kotlin/kotlin-daemon-embeddable/1.9.25/kotlin-daemon-embeddable-1.9.25.pom
[INFO] Downloading from spring-milestones: https://repo.spring.io/milestone/org/jetbrains/kotlin/kotlin-daemon-embeddable/1.9.25/kotlin-daemon-embeddable-1.9.25.pom
[INFO] Downloading from central: https://repo.maven.apache.org/maven2/org/jetbrains/kotlin/kotlin-daemon-embeddable/1.9.25/kotlin-daemon-embeddable-1.9.25.pom
[INFO] Downloaded from central: https://repo.maven.apache.org/maven2/org/jetbrains/kotlin/kotlin-daemon-embeddable/1.9.25/kotlin-daemon-embeddable-1.9.25.pom (1.2 kB at 57 kB/s)
[INFO] Downloading from spring-snapshots: https://repo.spring.io/snapshot/org/jetbrains/intellij/deps/trove4j/1.0.20200330/trove4j-1.0.20200330.pom
[INFO] Downloading from spring-milestones: https://repo.spring.io/milestone/org/jetbrains/intellij/deps/trove4j/1.0.20200330/trove4j-1.0.20200330.pom
[INFO] Downloading from central: https://repo.maven.apache.org/maven2/org/jetbrains/intellij/deps/trove4j/1.0.20200330/trove4j-1.0.20200330.pom
[INFO] Downloaded from central: https://repo.maven.apache.org/maven2/org/jetbrains/intellij/deps/trove4j/1.0.20200330/trove4j-1.0.20200330.pom (1.3 kB at 49 kB/s)
[INFO] Downloading from spring-snapshots: https://repo.spring.io/snapshot/org/codehaus/plexus/plexus-xml/4.0.4/plexus-xml-4.0.4.pom
[INFO] Downloading from spring-milestones: https://repo.spring.io/milestone/org/codehaus/plexus/plexus-xml/4.0.4/plexus-xml-4.0.4.pom
[INFO] Downloading from central: https://repo.maven.apache.org/maven2/org/codehaus/plexus/plexus-xml/4.0.4/plexus-xml-4.0.4.pom
[INFO] Downloaded from central: https://repo.maven.apache.org/maven2/org/codehaus/plexus/plexus-xml/4.0.4/plexus-xml-4.0.4.pom (4.0 kB at 224 kB/s)
[INFO] Downloading from spring-snapshots: https://repo.spring.io/snapshot/org/apache/maven/maven-xml-impl/4.0.0-beta-5/maven-xml-impl-4.0.0-beta-5.pom
[INFO] Downloading from spring-milestones: https://repo.spring.io/milestone/org/apache/maven/maven-xml-impl/4.0.0-beta-5/maven-xml-impl-4.0.0-beta-5.pom
[INFO] Downloading from central: https://repo.maven.apache.org/maven2/org/apache/maven/maven-xml-impl/4.0.0-beta-5/maven-xml-impl-4.0.0-beta-5.pom
[INFO] Downloaded from central: https://repo.maven.apache.org/maven2/org/apache/maven/maven-xml-impl/4.0.0-beta-5/maven-xml-impl-4.0.0-beta-5.pom (2.7 kB at 79 kB/s)
[INFO] Downloading from spring-snapshots: https://repo.spring.io/snapshot/org/apache/maven/maven/4.0.0-beta-5/maven-4.0.0-beta-5.pom
[INFO] Downloading from spring-milestones: https://repo.spring.io/milestone/org/apache/maven/maven/4.0.0-beta-5/maven-4.0.0-beta-5.pom
[INFO] Downloading from central: https://repo.maven.apache.org/maven2/org/apache/maven/maven/4.0.0-beta-5/maven-4.0.0-beta-5.pom
[INFO] Downloaded from central: https://repo.maven.apache.org/maven2/org/apache/maven/maven/4.0.0-beta-5/maven-4.0.0-beta-5.pom (36 kB at 1.4 MB/s)
[INFO] Downloading from spring-snapshots: https://repo.spring.io/snapshot/org/mockito/mockito-bom/5.14.2/mockito-bom-5.14.2.pom
[INFO] Downloading from spring-milestones: https://repo.spring.io/milestone/org/mockito/mockito-bom/5.14.2/mockito-bom-5.14.2.pom
[INFO] Downloading from central: https://repo.maven.apache.org/maven2/org/mockito/mockito-bom/5.14.2/mockito-bom-5.14.2.pom
[INFO] Downloaded from central: https://repo.maven.apache.org/maven2/org/mockito/mockito-bom/5.14.2/mockito-bom-5.14.2.pom (3.0 kB at 118 kB/s)
[INFO] Downloading from spring-snapshots: https://repo.spring.io/snapshot/org/apache/maven/maven-api-xml/4.0.0-rc-2/maven-api-xml-4.0.0-rc-2.pom
[INFO] Downloading from spring-milestones: https://repo.spring.io/milestone/org/apache/maven/maven-api-xml/4.0.0-rc-2/maven-api-xml-4.0.0-rc-2.pom
[INFO] Downloading from central: https://repo.maven.apache.org/maven2/org/apache/maven/maven-api-xml/4.0.0-rc-2/maven-api-xml-4.0.0-rc-2.pom
[INFO] Downloaded from central: https://repo.maven.apache.org/maven2/org/apache/maven/maven-api-xml/4.0.0-rc-2/maven-api-xml-4.0.0-rc-2.pom (1.5 kB at 76 kB/s)
[INFO] Downloading from spring-snapshots: https://repo.spring.io/snapshot/org/apache/maven/maven-api/4.0.0-rc-2/maven-api-4.0.0-rc-2.pom
[INFO] Downloading from spring-milestones: https://repo.spring.io/milestone/org/apache/maven/maven-api/4.0.0-rc-2/maven-api-4.0.0-rc-2.pom
[INFO] Downloading from central: https://repo.maven.apache.org/maven2/org/apache/maven/maven-api/4.0.0-rc-2/maven-api-4.0.0-rc-2.pom
[INFO] Downloaded from central: https://repo.maven.apache.org/maven2/org/apache/maven/maven-api/4.0.0-rc-2/maven-api-4.0.0-rc-2.pom (3.8 kB at 209 kB/s)
[INFO] Downloading from spring-snapshots: https://repo.spring.io/snapshot/org/apache/maven/maven/4.0.0-rc-2/maven-4.0.0-rc-2.pom
[INFO] Downloading from spring-milestones: https://repo.spring.io/milestone/org/apache/maven/maven/4.0.0-rc-2/maven-4.0.0-rc-2.pom
[INFO] Downloading from central: https://repo.maven.apache.org/maven2/org/apache/maven/maven/4.0.0-rc-2/maven-4.0.0-rc-2.pom
[INFO] Downloaded from central: https://repo.maven.apache.org/maven2/org/apache/maven/maven/4.0.0-rc-2/maven-4.0.0-rc-2.pom (36 kB at 1.3 MB/s)
[INFO] Downloading from spring-snapshots: https://repo.spring.io/snapshot/org/apache/maven/maven-api-annotations/4.0.0-rc-2/maven-api-annotations-4.0.0-rc-2.pom
[INFO] Downloading from spring-milestones: https://repo.spring.io/milestone/org/apache/maven/maven-api-annotations/4.0.0-rc-2/maven-api-annotations-4.0.0-rc-2.pom
[INFO] Downloading from central: https://repo.maven.apache.org/maven2/org/apache/maven/maven-api-annotations/4.0.0-rc-2/maven-api-annotations-4.0.0-rc-2.pom
[INFO] Downloaded from central: https://repo.maven.apache.org/maven2/org/apache/maven/maven-api-annotations/4.0.0-rc-2/maven-api-annotations-4.0.0-rc-2.pom (1.4 kB at 63 kB/s)
[INFO] Downloading from spring-snapshots: https://repo.spring.io/snapshot/com/fasterxml/woodstox/woodstox-core/7.0.0/woodstox-core-7.0.0.pom
[INFO] Downloading from spring-milestones: https://repo.spring.io/milestone/com/fasterxml/woodstox/woodstox-core/7.0.0/woodstox-core-7.0.0.pom
[INFO] Downloading from central: https://repo.maven.apache.org/maven2/com/fasterxml/woodstox/woodstox-core/7.0.0/woodstox-core-7.0.0.pom
[INFO] Downloaded from central: https://repo.maven.apache.org/maven2/com/fasterxml/woodstox/woodstox-core/7.0.0/woodstox-core-7.0.0.pom (9.5 kB at 329 kB/s)
[INFO] Downloading from spring-snapshots: https://repo.spring.io/snapshot/com/fasterxml/oss-parent/59/oss-parent-59.pom
[INFO] Downloading from spring-milestones: https://repo.spring.io/milestone/com/fasterxml/oss-parent/59/oss-parent-59.pom
[INFO] Downloading from central: https://repo.maven.apache.org/maven2/com/fasterxml/oss-parent/59/oss-parent-59.pom
[INFO] Downloaded from central: https://repo.maven.apache.org/maven2/com/fasterxml/oss-parent/59/oss-parent-59.pom (24 kB at 1.0 MB/s)
[INFO] Downloading from spring-snapshots: https://repo.spring.io/snapshot/io/micrometer/prometheus/prometheus-rsocket-client/1.5.3/prometheus-rsocket-client-1.5.3.pom
[INFO] Downloading from spring-milestones: https://repo.spring.io/milestone/io/micrometer/prometheus/prometheus-rsocket-client/1.5.3/prometheus-rsocket-client-1.5.3.pom
[INFO] Downloading from central: https://repo.maven.apache.org/maven2/io/micrometer/prometheus/prometheus-rsocket-client/1.5.3/prometheus-rsocket-client-1.5.3.pom
[INFO] Downloaded from central: https://repo.maven.apache.org/maven2/io/micrometer/prometheus/prometheus-rsocket-client/1.5.3/prometheus-rsocket-client-1.5.3.pom (3.5 kB at 81 kB/s)
[INFO] Downloading from spring-snapshots: https://repo.spring.io/snapshot/io/rsocket/rsocket-core/1.1.4/rsocket-core-1.1.4.pom
[INFO] Downloading from spring-milestones: https://repo.spring.io/milestone/io/rsocket/rsocket-core/1.1.4/rsocket-core-1.1.4.pom
[INFO] Downloading from central: https://repo.maven.apache.org/maven2/io/rsocket/rsocket-core/1.1.4/rsocket-core-1.1.4.pom
[INFO] Downloaded from central: https://repo.maven.apache.org/maven2/io/rsocket/rsocket-core/1.1.4/rsocket-core-1.1.4.pom (1.9 kB at 72 kB/s)
[INFO] Downloading from spring-snapshots: https://repo.spring.io/snapshot/io/netty/netty-buffer/4.1.116.Final/netty-buffer-4.1.116.Final.pom
[INFO] Downloading from spring-milestones: https://repo.spring.io/milestone/io/netty/netty-buffer/4.1.116.Final/netty-buffer-4.1.116.Final.pom
[INFO] Downloading from central: https://repo.maven.apache.org/maven2/io/netty/netty-buffer/4.1.116.Final/netty-buffer-4.1.116.Final.pom
[INFO] Downloaded from central: https://repo.maven.apache.org/maven2/io/netty/netty-buffer/4.1.116.Final/netty-buffer-4.1.116.Final.pom (1.6 kB at 83 kB/s)
[INFO] Downloading from spring-snapshots: https://repo.spring.io/snapshot/io/netty/netty-parent/4.1.116.Final/netty-parent-4.1.116.Final.pom
[INFO] Downloading from spring-milestones: https://repo.spring.io/milestone/io/netty/netty-parent/4.1.116.Final/netty-parent-4.1.116.Final.pom
[INFO] Downloading from central: https://repo.maven.apache.org/maven2/io/netty/netty-parent/4.1.116.Final/netty-parent-4.1.116.Final.pom
[INFO] Downloaded from central: https://repo.maven.apache.org/maven2/io/netty/netty-parent/4.1.116.Final/netty-parent-4.1.116.Final.pom (94 kB at 3.3 MB/s)
[INFO] Downloading from spring-snapshots: https://repo.spring.io/snapshot/io/netty/netty-common/4.1.116.Final/netty-common-4.1.116.Final.pom
[INFO] Downloading from spring-milestones: https://repo.spring.io/milestone/io/netty/netty-common/4.1.116.Final/netty-common-4.1.116.Final.pom
[INFO] Downloading from central: https://repo.maven.apache.org/maven2/io/netty/netty-common/4.1.116.Final/netty-common-4.1.116.Final.pom
[INFO] Downloaded from central: https://repo.maven.apache.org/maven2/io/netty/netty-common/4.1.116.Final/netty-common-4.1.116.Final.pom (12 kB at 562 kB/s)
[INFO] Downloading from spring-snapshots: https://repo.spring.io/snapshot/io/projectreactor/reactor-core/3.4.29/reactor-core-3.4.29.pom
[INFO] Downloading from spring-milestones: https://repo.spring.io/milestone/io/projectreactor/reactor-core/3.4.29/reactor-core-3.4.29.pom
[INFO] Downloading from central: https://repo.maven.apache.org/maven2/io/projectreactor/reactor-core/3.4.29/reactor-core-3.4.29.pom
[INFO] Downloaded from central: https://repo.maven.apache.org/maven2/io/projectreactor/reactor-core/3.4.29/reactor-core-3.4.29.pom (2.1 kB at 82 kB/s)
[INFO] Downloading from spring-snapshots: https://repo.spring.io/snapshot/org/reactivestreams/reactive-streams/1.0.4/reactive-streams-1.0.4.pom
[INFO] Downloading from spring-milestones: https://repo.spring.io/milestone/org/reactivestreams/reactive-streams/1.0.4/reactive-streams-1.0.4.pom
[INFO] Downloading from central: https://repo.maven.apache.org/maven2/org/reactivestreams/reactive-streams/1.0.4/reactive-streams-1.0.4.pom
[INFO] Downloaded from central: https://repo.maven.apache.org/maven2/org/reactivestreams/reactive-streams/1.0.4/reactive-streams-1.0.4.pom (1.1 kB at 52 kB/s)
[INFO] Downloading from spring-snapshots: https://repo.spring.io/snapshot/io/micrometer/micrometer-registry-prometheus/1.9.16/micrometer-registry-prometheus-1.9.16.pom
[INFO] Downloading from spring-milestones: https://repo.spring.io/milestone/io/micrometer/micrometer-registry-prometheus/1.9.16/micrometer-registry-prometheus-1.9.16.pom
[INFO] Downloading from central: https://repo.maven.apache.org/maven2/io/micrometer/micrometer-registry-prometheus/1.9.16/micrometer-registry-prometheus-1.9.16.pom
[INFO] Downloaded from central: https://repo.maven.apache.org/maven2/io/micrometer/micrometer-registry-prometheus/1.9.16/micrometer-registry-prometheus-1.9.16.pom (3.4 kB at 149 kB/s)
[INFO] Downloading from spring-snapshots: https://repo.spring.io/snapshot/io/micrometer/micrometer-core/1.9.16/micrometer-core-1.9.16.pom
[INFO] Downloading from spring-milestones: https://repo.spring.io/milestone/io/micrometer/micrometer-core/1.9.16/micrometer-core-1.9.16.pom
[INFO] Downloading from central: https://repo.maven.apache.org/maven2/io/micrometer/micrometer-core/1.9.16/micrometer-core-1.9.16.pom
[INFO] Downloaded from central: https://repo.maven.apache.org/maven2/io/micrometer/micrometer-core/1.9.16/micrometer-core-1.9.16.pom (8.5 kB at 355 kB/s)
[INFO] Downloading from spring-snapshots: https://repo.spring.io/snapshot/io/prometheus/simpleclient_common/0.15.0/simpleclient_common-0.15.0.pom
[INFO] Downloading from spring-milestones: https://repo.spring.io/milestone/io/prometheus/simpleclient_common/0.15.0/simpleclient_common-0.15.0.pom
[INFO] Downloading from central: https://repo.maven.apache.org/maven2/io/prometheus/simpleclient_common/0.15.0/simpleclient_common-0.15.0.pom
[INFO] Downloaded from central: https://repo.maven.apache.org/maven2/io/prometheus/simpleclient_common/0.15.0/simpleclient_common-0.15.0.pom (1.6 kB at 66 kB/s)
[INFO] Downloading from spring-snapshots: https://repo.spring.io/snapshot/io/prometheus/parent/0.15.0/parent-0.15.0.pom
[INFO] Downloading from spring-milestones: https://repo.spring.io/milestone/io/prometheus/parent/0.15.0/parent-0.15.0.pom
[INFO] Downloading from central: https://repo.maven.apache.org/maven2/io/prometheus/parent/0.15.0/parent-0.15.0.pom
[INFO] Downloaded from central: https://repo.maven.apache.org/maven2/io/prometheus/parent/0.15.0/parent-0.15.0.pom (12 kB at 551 kB/s)
[INFO] Downloading from spring-snapshots: https://repo.spring.io/snapshot/io/prometheus/simpleclient/0.15.0/simpleclient-0.15.0.pom
[INFO] Downloading from spring-milestones: https://repo.spring.io/milestone/io/prometheus/simpleclient/0.15.0/simpleclient-0.15.0.pom
[INFO] Downloading from central: https://repo.maven.apache.org/maven2/io/prometheus/simpleclient/0.15.0/simpleclient-0.15.0.pom
[INFO] Downloaded from central: https://repo.maven.apache.org/maven2/io/prometheus/simpleclient/0.15.0/simpleclient-0.15.0.pom (2.2 kB at 39 kB/s)
[INFO] Downloading from spring-snapshots: https://repo.spring.io/snapshot/io/prometheus/simpleclient_tracer_otel/0.15.0/simpleclient_tracer_otel-0.15.0.pom
[INFO] Downloading from spring-milestones: https://repo.spring.io/milestone/io/prometheus/simpleclient_tracer_otel/0.15.0/simpleclient_tracer_otel-0.15.0.pom
[INFO] Downloading from central: https://repo.maven.apache.org/maven2/io/prometheus/simpleclient_tracer_otel/0.15.0/simpleclient_tracer_otel-0.15.0.pom
[INFO] Downloaded from central: https://repo.maven.apache.org/maven2/io/prometheus/simpleclient_tracer_otel/0.15.0/simpleclient_tracer_otel-0.15.0.pom (1.5 kB at 5.7 kB/s)
[INFO] Downloading from spring-snapshots: https://repo.spring.io/snapshot/io/prometheus/simpleclient_tracer/0.15.0/simpleclient_tracer-0.15.0.pom
[INFO] Downloading from spring-milestones: https://repo.spring.io/milestone/io/prometheus/simpleclient_tracer/0.15.0/simpleclient_tracer-0.15.0.pom
[INFO] Downloading from central: https://repo.maven.apache.org/maven2/io/prometheus/simpleclient_tracer/0.15.0/simpleclient_tracer-0.15.0.pom
[INFO] Downloaded from central: https://repo.maven.apache.org/maven2/io/prometheus/simpleclient_tracer/0.15.0/simpleclient_tracer-0.15.0.pom (1.2 kB at 21 kB/s)
[INFO] Downloading from spring-snapshots: https://repo.spring.io/snapshot/io/prometheus/simpleclient_tracer_common/0.15.0/simpleclient_tracer_common-0.15.0.pom
[INFO] Downloading from spring-milestones: https://repo.spring.io/milestone/io/prometheus/simpleclient_tracer_common/0.15.0/simpleclient_tracer_common-0.15.0.pom
[INFO] Downloading from central: https://repo.maven.apache.org/maven2/io/prometheus/simpleclient_tracer_common/0.15.0/simpleclient_tracer_common-0.15.0.pom
[INFO] Downloaded from central: https://repo.maven.apache.org/maven2/io/prometheus/simpleclient_tracer_common/0.15.0/simpleclient_tracer_common-0.15.0.pom (839 B at 9.9 kB/s)
[INFO] Downloading from spring-snapshots: https://repo.spring.io/snapshot/io/prometheus/simpleclient_tracer_otel_agent/0.15.0/simpleclient_tracer_otel_agent-0.15.0.pom
[INFO] Downloading from spring-milestones: https://repo.spring.io/milestone/io/prometheus/simpleclient_tracer_otel_agent/0.15.0/simpleclient_tracer_otel_agent-0.15.0.pom
[INFO] Downloading from central: https://repo.maven.apache.org/maven2/io/prometheus/simpleclient_tracer_otel_agent/0.15.0/simpleclient_tracer_otel_agent-0.15.0.pom
[INFO] Downloaded from central: https://repo.maven.apache.org/maven2/io/prometheus/simpleclient_tracer_otel_agent/0.15.0/simpleclient_tracer_otel_agent-0.15.0.pom (2.3 kB at 107 kB/s)
[INFO] Downloading from spring-snapshots: https://repo.spring.io/snapshot/org/xerial/snappy/snappy-java/1.1.10.1/snappy-java-1.1.10.1.pom
[INFO] Downloading from spring-milestones: https://repo.spring.io/milestone/org/xerial/snappy/snappy-java/1.1.10.1/snappy-java-1.1.10.1.pom
[INFO] Downloading from central: https://repo.maven.apache.org/maven2/org/xerial/snappy/snappy-java/1.1.10.1/snappy-java-1.1.10.1.pom
[INFO] Downloaded from central: https://repo.maven.apache.org/maven2/org/xerial/snappy/snappy-java/1.1.10.1/snappy-java-1.1.10.1.pom (3.1 kB at 34 kB/s)
[INFO] Downloading from spring-snapshots: https://repo.spring.io/snapshot/io/micrometer/micrometer-core/1.14.2/micrometer-core-1.14.2.pom
[INFO] Downloading from spring-milestones: https://repo.spring.io/milestone/io/micrometer/micrometer-core/1.14.2/micrometer-core-1.14.2.pom
[INFO] Downloading from central: https://repo.maven.apache.org/maven2/io/micrometer/micrometer-core/1.14.2/micrometer-core-1.14.2.pom
[INFO] Downloaded from central: https://repo.maven.apache.org/maven2/io/micrometer/micrometer-core/1.14.2/micrometer-core-1.14.2.pom (11 kB at 410 kB/s)
[INFO] Downloading from spring-snapshots: https://repo.spring.io/snapshot/io/micrometer/micrometer-commons/1.14.2/micrometer-commons-1.14.2.pom
[INFO] Downloading from spring-milestones: https://repo.spring.io/milestone/io/micrometer/micrometer-commons/1.14.2/micrometer-commons-1.14.2.pom
[INFO] Downloading from central: https://repo.maven.apache.org/maven2/io/micrometer/micrometer-commons/1.14.2/micrometer-commons-1.14.2.pom
[INFO] Downloaded from central: https://repo.maven.apache.org/maven2/io/micrometer/micrometer-commons/1.14.2/micrometer-commons-1.14.2.pom (3.4 kB at 56 kB/s)
[INFO] Downloading from spring-snapshots: https://repo.spring.io/snapshot/io/micrometer/micrometer-observation/1.14.2/micrometer-observation-1.14.2.pom
[INFO] Downloading from spring-milestones: https://repo.spring.io/milestone/io/micrometer/micrometer-observation/1.14.2/micrometer-observation-1.14.2.pom
[INFO] Downloading from central: https://repo.maven.apache.org/maven2/io/micrometer/micrometer-observation/1.14.2/micrometer-observation-1.14.2.pom
[INFO] Downloaded from central: https://repo.maven.apache.org/maven2/io/micrometer/micrometer-observation/1.14.2/micrometer-observation-1.14.2.pom (3.8 kB at 202 kB/s)
[INFO] Downloading from spring-snapshots: https://repo.spring.io/snapshot/io/rsocket/rsocket-transport-netty/1.1.4/rsocket-transport-netty-1.1.4.pom
[INFO] Downloading from spring-milestones: https://repo.spring.io/milestone/io/rsocket/rsocket-transport-netty/1.1.4/rsocket-transport-netty-1.1.4.pom
[INFO] Downloading from central: https://repo.maven.apache.org/maven2/io/rsocket/rsocket-transport-netty/1.1.4/rsocket-transport-netty-1.1.4.pom
[INFO] Downloaded from central: https://repo.maven.apache.org/maven2/io/rsocket/rsocket-transport-netty/1.1.4/rsocket-transport-netty-1.1.4.pom (2.1 kB at 33 kB/s)
[INFO] Downloading from spring-snapshots: https://repo.spring.io/snapshot/io/projectreactor/netty/reactor-netty-core/1.0.32/reactor-netty-core-1.0.32.pom
[INFO] Downloading from spring-milestones: https://repo.spring.io/milestone/io/projectreactor/netty/reactor-netty-core/1.0.32/reactor-netty-core-1.0.32.pom
[INFO] Downloading from central: https://repo.maven.apache.org/maven2/io/projectreactor/netty/reactor-netty-core/1.0.32/reactor-netty-core-1.0.32.pom
[INFO] Downloaded from central: https://repo.maven.apache.org/maven2/io/projectreactor/netty/reactor-netty-core/1.0.32/reactor-netty-core-1.0.32.pom (3.9 kB at 196 kB/s)
[INFO] Downloading from spring-snapshots: https://repo.spring.io/snapshot/io/netty/netty-handler/4.1.116.Final/netty-handler-4.1.116.Final.pom
[INFO] Downloading from spring-milestones: https://repo.spring.io/milestone/io/netty/netty-handler/4.1.116.Final/netty-handler-4.1.116.Final.pom
[INFO] Downloading from central: https://repo.maven.apache.org/maven2/io/netty/netty-handler/4.1.116.Final/netty-handler-4.1.116.Final.pom
[INFO] Downloaded from central: https://repo.maven.apache.org/maven2/io/netty/netty-handler/4.1.116.Final/netty-handler-4.1.116.Final.pom (4.6 kB at 97 kB/s)
[INFO] Downloading from spring-snapshots: https://repo.spring.io/snapshot/io/netty/netty-resolver/4.1.116.Final/netty-resolver-4.1.116.Final.pom
[INFO] Downloading from spring-milestones: https://repo.spring.io/milestone/io/netty/netty-resolver/4.1.116.Final/netty-resolver-4.1.116.Final.pom
[INFO] Downloading from central: https://repo.maven.apache.org/maven2/io/netty/netty-resolver/4.1.116.Final/netty-resolver-4.1.116.Final.pom
[INFO] Downloaded from central: https://repo.maven.apache.org/maven2/io/netty/netty-resolver/4.1.116.Final/netty-resolver-4.1.116.Final.pom (1.6 kB at 88 kB/s)
[INFO] Downloading from spring-snapshots: https://repo.spring.io/snapshot/io/netty/netty-transport/4.1.116.Final/netty-transport-4.1.116.Final.pom
[INFO] Downloading from spring-milestones: https://repo.spring.io/milestone/io/netty/netty-transport/4.1.116.Final/netty-transport-4.1.116.Final.pom
[INFO] Downloading from central: https://repo.maven.apache.org/maven2/io/netty/netty-transport/4.1.116.Final/netty-transport-4.1.116.Final.pom
[INFO] Downloaded from central: https://repo.maven.apache.org/maven2/io/netty/netty-transport/4.1.116.Final/netty-transport-4.1.116.Final.pom (2.2 kB at 36 kB/s)
[INFO] Downloading from spring-snapshots: https://repo.spring.io/snapshot/io/netty/netty-transport-native-unix-common/4.1.116.Final/netty-transport-native-unix-common-4.1.116.Final.pom
[INFO] Downloading from spring-milestones: https://repo.spring.io/milestone/io/netty/netty-transport-native-unix-common/4.1.116.Final/netty-transport-native-unix-common-4.1.116.Final.pom
[INFO] Downloading from central: https://repo.maven.apache.org/maven2/io/netty/netty-transport-native-unix-common/4.1.116.Final/netty-transport-native-unix-common-4.1.116.Final.pom
[INFO] Downloaded from central: https://repo.maven.apache.org/maven2/io/netty/netty-transport-native-unix-common/4.1.116.Final/netty-transport-native-unix-common-4.1.116.Final.pom (33 kB at 919 kB/s)
[INFO] Downloading from spring-snapshots: https://repo.spring.io/snapshot/io/netty/netty-codec/4.1.116.Final/netty-codec-4.1.116.Final.pom
[INFO] Downloading from spring-milestones: https://repo.spring.io/milestone/io/netty/netty-codec/4.1.116.Final/netty-codec-4.1.116.Final.pom
[INFO] Downloading from central: https://repo.maven.apache.org/maven2/io/netty/netty-codec/4.1.116.Final/netty-codec-4.1.116.Final.pom
[INFO] Downloaded from central: https://repo.maven.apache.org/maven2/io/netty/netty-codec/4.1.116.Final/netty-codec-4.1.116.Final.pom (5.5 kB at 87 kB/s)
[INFO] Downloading from spring-snapshots: https://repo.spring.io/snapshot/io/netty/netty-handler-proxy/4.1.116.Final/netty-handler-proxy-4.1.116.Final.pom
[INFO] Downloading from spring-milestones: https://repo.spring.io/milestone/io/netty/netty-handler-proxy/4.1.116.Final/netty-handler-proxy-4.1.116.Final.pom
[INFO] Downloading from central: https://repo.maven.apache.org/maven2/io/netty/netty-handler-proxy/4.1.116.Final/netty-handler-proxy-4.1.116.Final.pom
[INFO] Downloaded from central: https://repo.maven.apache.org/maven2/io/netty/netty-handler-proxy/4.1.116.Final/netty-handler-proxy-4.1.116.Final.pom (3.6 kB at 187 kB/s)
[INFO] Downloading from spring-snapshots: https://repo.spring.io/snapshot/io/netty/netty-codec-socks/4.1.116.Final/netty-codec-socks-4.1.116.Final.pom
[INFO] Downloading from spring-milestones: https://repo.spring.io/milestone/io/netty/netty-codec-socks/4.1.116.Final/netty-codec-socks-4.1.116.Final.pom
[INFO] Downloading from central: https://repo.maven.apache.org/maven2/io/netty/netty-codec-socks/4.1.116.Final/netty-codec-socks-4.1.116.Final.pom
[INFO] Downloaded from central: https://repo.maven.apache.org/maven2/io/netty/netty-codec-socks/4.1.116.Final/netty-codec-socks-4.1.116.Final.pom (2.5 kB at 47 kB/s)
[INFO] Downloading from spring-snapshots: https://repo.spring.io/snapshot/io/netty/netty-codec-http/4.1.116.Final/netty-codec-http-4.1.116.Final.pom
[INFO] Downloading from spring-milestones: https://repo.spring.io/milestone/io/netty/netty-codec-http/4.1.116.Final/netty-codec-http-4.1.116.Final.pom
[INFO] Downloading from central: https://repo.maven.apache.org/maven2/io/netty/netty-codec-http/4.1.116.Final/netty-codec-http-4.1.116.Final.pom
[INFO] Downloaded from central: https://repo.maven.apache.org/maven2/io/netty/netty-codec-http/4.1.116.Final/netty-codec-http-4.1.116.Final.pom (4.4 kB at 141 kB/s)
[INFO] Downloading from spring-snapshots: https://repo.spring.io/snapshot/io/netty/netty-resolver-dns/4.1.116.Final/netty-resolver-dns-4.1.116.Final.pom
[INFO] Downloading from spring-milestones: https://repo.spring.io/milestone/io/netty/netty-resolver-dns/4.1.116.Final/netty-resolver-dns-4.1.116.Final.pom
[INFO] Downloading from central: https://repo.maven.apache.org/maven2/io/netty/netty-resolver-dns/4.1.116.Final/netty-resolver-dns-4.1.116.Final.pom
[INFO] Downloaded from central: https://repo.maven.apache.org/maven2/io/netty/netty-resolver-dns/4.1.116.Final/netty-resolver-dns-4.1.116.Final.pom (3.7 kB at 162 kB/s)
[INFO] Downloading from spring-snapshots: https://repo.spring.io/snapshot/io/netty/netty-codec-dns/4.1.116.Final/netty-codec-dns-4.1.116.Final.pom
[INFO] Downloading from spring-milestones: https://repo.spring.io/milestone/io/netty/netty-codec-dns/4.1.116.Final/netty-codec-dns-4.1.116.Final.pom
[INFO] Downloading from central: https://repo.maven.apache.org/maven2/io/netty/netty-codec-dns/4.1.116.Final/netty-codec-dns-4.1.116.Final.pom
[INFO] Downloaded from central: https://repo.maven.apache.org/maven2/io/netty/netty-codec-dns/4.1.116.Final/netty-codec-dns-4.1.116.Final.pom (2.7 kB at 39 kB/s)
[INFO] Downloading from spring-snapshots: https://repo.spring.io/snapshot/io/netty/netty-resolver-dns-native-macos/4.1.116.Final/netty-resolver-dns-native-macos-4.1.116.Final.pom
[INFO] Downloading from spring-milestones: https://repo.spring.io/milestone/io/netty/netty-resolver-dns-native-macos/4.1.116.Final/netty-resolver-dns-native-macos-4.1.116.Final.pom
[INFO] Downloading from central: https://repo.maven.apache.org/maven2/io/netty/netty-resolver-dns-native-macos/4.1.116.Final/netty-resolver-dns-native-macos-4.1.116.Final.pom
[INFO] Downloaded from central: https://repo.maven.apache.org/maven2/io/netty/netty-resolver-dns-native-macos/4.1.116.Final/netty-resolver-dns-native-macos-4.1.116.Final.pom (19 kB at 291 kB/s)
[INFO] Downloading from spring-snapshots: https://repo.spring.io/snapshot/io/netty/netty-resolver-dns-classes-macos/4.1.116.Final/netty-resolver-dns-classes-macos-4.1.116.Final.pom
[INFO] Downloading from spring-milestones: https://repo.spring.io/milestone/io/netty/netty-resolver-dns-classes-macos/4.1.116.Final/netty-resolver-dns-classes-macos-4.1.116.Final.pom
[INFO] Downloading from central: https://repo.maven.apache.org/maven2/io/netty/netty-resolver-dns-classes-macos/4.1.116.Final/netty-resolver-dns-classes-macos-4.1.116.Final.pom
[INFO] Downloaded from central: https://repo.maven.apache.org/maven2/io/netty/netty-resolver-dns-classes-macos/4.1.116.Final/netty-resolver-dns-classes-macos-4.1.116.Final.pom (2.0 kB at 95 kB/s)
[INFO] Downloading from spring-snapshots: https://repo.spring.io/snapshot/io/netty/netty-transport-native-epoll/4.1.116.Final/netty-transport-native-epoll-4.1.116.Final.pom
[INFO] Downloading from spring-milestones: https://repo.spring.io/milestone/io/netty/netty-transport-native-epoll/4.1.116.Final/netty-transport-native-epoll-4.1.116.Final.pom
[INFO] Downloading from central: https://repo.maven.apache.org/maven2/io/netty/netty-transport-native-epoll/4.1.116.Final/netty-transport-native-epoll-4.1.116.Final.pom
[INFO] Downloaded from central: https://repo.maven.apache.org/maven2/io/netty/netty-transport-native-epoll/4.1.116.Final/netty-transport-native-epoll-4.1.116.Final.pom (27 kB at 632 kB/s)
[INFO] Downloading from spring-snapshots: https://repo.spring.io/snapshot/io/netty/netty-transport-classes-epoll/4.1.116.Final/netty-transport-classes-epoll-4.1.116.Final.pom
[INFO] Downloading from spring-milestones: https://repo.spring.io/milestone/io/netty/netty-transport-classes-epoll/4.1.116.Final/netty-transport-classes-epoll-4.1.116.Final.pom
[INFO] Downloading from central: https://repo.maven.apache.org/maven2/io/netty/netty-transport-classes-epoll/4.1.116.Final/netty-transport-classes-epoll-4.1.116.Final.pom
[INFO] Downloaded from central: https://repo.maven.apache.org/maven2/io/netty/netty-transport-classes-epoll/4.1.116.Final/netty-transport-classes-epoll-4.1.116.Final.pom (2.1 kB at 112 kB/s)
[INFO] Downloading from spring-snapshots: https://repo.spring.io/snapshot/io/projectreactor/netty/reactor-netty-http/1.0.32/reactor-netty-http-1.0.32.pom
[INFO] Downloading from spring-milestones: https://repo.spring.io/milestone/io/projectreactor/netty/reactor-netty-http/1.0.32/reactor-netty-http-1.0.32.pom
[INFO] Downloading from central: https://repo.maven.apache.org/maven2/io/projectreactor/netty/reactor-netty-http/1.0.32/reactor-netty-http-1.0.32.pom
[INFO] Downloaded from central: https://repo.maven.apache.org/maven2/io/projectreactor/netty/reactor-netty-http/1.0.32/reactor-netty-http-1.0.32.pom (4.3 kB at 63 kB/s)
[INFO] Downloading from spring-snapshots: https://repo.spring.io/snapshot/io/netty/netty-codec-http2/4.1.116.Final/netty-codec-http2-4.1.116.Final.pom
[INFO] Downloading from spring-milestones: https://repo.spring.io/milestone/io/netty/netty-codec-http2/4.1.116.Final/netty-codec-http2-4.1.116.Final.pom
[INFO] Downloading from central: https://repo.maven.apache.org/maven2/io/netty/netty-codec-http2/4.1.116.Final/netty-codec-http2-4.1.116.Final.pom
[INFO] Downloaded from central: https://repo.maven.apache.org/maven2/io/netty/netty-codec-http2/4.1.116.Final/netty-codec-http2-4.1.116.Final.pom (5.2 kB at 206 kB/s)
[INFO] Downloading from spring-snapshots: https://repo.spring.io/snapshot/org/rocksdb/rocksdbjni/8.8.1/rocksdbjni-8.8.1.pom
[INFO] Downloading from spring-milestones: https://repo.spring.io/milestone/org/rocksdb/rocksdbjni/8.8.1/rocksdbjni-8.8.1.pom
[INFO] Downloading from central: https://repo.maven.apache.org/maven2/org/rocksdb/rocksdbjni/8.8.1/rocksdbjni-8.8.1.pom
[INFO] Downloaded from central: https://repo.maven.apache.org/maven2/org/rocksdb/rocksdbjni/8.8.1/rocksdbjni-8.8.1.pom (9.3 kB at 265 kB/s)
[INFO] Downloading from spring-snapshots: https://repo.spring.io/snapshot/org/openrewrite/rewrite-java/8.42.4/rewrite-java-8.42.4.jar
[INFO] Downloading from spring-snapshots: https://repo.spring.io/snapshot/org/openrewrite/rewrite-core/8.42.4/rewrite-core-8.42.4.jar
[INFO] Downloading from spring-snapshots: https://repo.spring.io/snapshot/org/openrewrite/tools/jgit/1.2.0/jgit-1.2.0.jar
[INFO] Downloading from spring-snapshots: https://repo.spring.io/snapshot/com/fasterxml/jackson/module/jackson-module-parameter-names/2.17.2/jackson-module-parameter-names-2.17.2.jar
[INFO] Downloading from spring-snapshots: https://repo.spring.io/snapshot/com/fasterxml/jackson/datatype/jackson-datatype-jsr310/2.17.2/jackson-datatype-jsr310-2.17.2.jar
[INFO] Downloading from spring-snapshots: https://repo.spring.io/snapshot/org/openrewrite/tools/java-object-diff/1.0.1/java-object-diff-1.0.1.jar
[INFO] Downloading from spring-snapshots: https://repo.spring.io/snapshot/io/quarkus/gizmo/gizmo/1.0.11.Final/gizmo-1.0.11.Final.jar
[INFO] Downloading from spring-snapshots: https://repo.spring.io/snapshot/org/jboss/jandex/2.4.2.Final/jandex-2.4.2.Final.jar
[INFO] Downloading from spring-snapshots: https://repo.spring.io/snapshot/net/java/dev/jna/jna-platform/5.16.0/jna-platform-5.16.0.jar
[INFO] Downloading from spring-snapshots: https://repo.spring.io/snapshot/net/java/dev/jna/jna/5.16.0/jna-5.16.0.jar
[INFO] Downloading from spring-snapshots: https://repo.spring.io/snapshot/org/apache/commons/commons-compress/1.27.1/commons-compress-1.27.1.jar
[INFO] Downloading from spring-snapshots: https://repo.spring.io/snapshot/org/jetbrains/annotations/26.0.1/annotations-26.0.1.jar
[INFO] Downloading from spring-snapshots: https://repo.spring.io/snapshot/org/antlr/antlr4-runtime/4.11.1/antlr4-runtime-4.11.1.jar
[INFO] Downloading from spring-snapshots: https://repo.spring.io/snapshot/org/apache/commons/commons-text/1.13.0/commons-text-1.13.0.jar
[INFO] Downloading from spring-snapshots: https://repo.spring.io/snapshot/io/github/classgraph/classgraph/4.8.179/classgraph-4.8.179.jar
[INFO] Downloading from spring-snapshots: https://repo.spring.io/snapshot/org/xerial/snappy/snappy-java/1.1.10.7/snappy-java-1.1.10.7.jar
[INFO] Downloading from spring-snapshots: https://repo.spring.io/snapshot/org/ow2/asm/asm-util/9.7.1/asm-util-9.7.1.jar
[INFO] Downloading from spring-snapshots: https://repo.spring.io/snapshot/org/ow2/asm/asm-tree/9.7.1/asm-tree-9.7.1.jar
[INFO] Downloading from spring-snapshots: https://repo.spring.io/snapshot/org/ow2/asm/asm-analysis/9.7.1/asm-analysis-9.7.1.jar
[INFO] Downloading from spring-snapshots: https://repo.spring.io/snapshot/org/openrewrite/rewrite-java-8/8.42.4/rewrite-java-8-8.42.4.jar
[INFO] Downloading from spring-snapshots: https://repo.spring.io/snapshot/org/openrewrite/rewrite-java-11/8.42.4/rewrite-java-11-8.42.4.jar
[INFO] Downloading from spring-snapshots: https://repo.spring.io/snapshot/org/openrewrite/rewrite-java-lombok/8.42.4/rewrite-java-lombok-8.42.4.jar
[INFO] Downloading from spring-snapshots: https://repo.spring.io/snapshot/org/projectlombok/lombok/1.18.36/lombok-1.18.36.jar
[INFO] Downloading from spring-snapshots: https://repo.spring.io/snapshot/org/openrewrite/rewrite-java-17/8.42.4/rewrite-java-17-8.42.4.jar
[INFO] Downloading from spring-snapshots: https://repo.spring.io/snapshot/org/openrewrite/rewrite-java-21/8.42.4/rewrite-java-21-8.42.4.jar
[INFO] Downloading from spring-snapshots: https://repo.spring.io/snapshot/org/openrewrite/rewrite-xml/8.42.4/rewrite-xml-8.42.4.jar
[INFO] Downloading from spring-snapshots: https://repo.spring.io/snapshot/org/openrewrite/rewrite-maven/8.42.4/rewrite-maven-8.42.4.jar
[INFO] Downloading from spring-snapshots: https://repo.spring.io/snapshot/com/github/ben-manes/caffeine/caffeine/2.9.3/caffeine-2.9.3.jar
[INFO] Downloading from spring-snapshots: https://repo.spring.io/snapshot/org/checkerframework/checker-qual/3.19.0/checker-qual-3.19.0.jar
[INFO] Downloading from spring-snapshots: https://repo.spring.io/snapshot/com/google/errorprone/error_prone_annotations/2.10.0/error_prone_annotations-2.10.0.jar
[INFO] Downloading from spring-snapshots: https://repo.spring.io/snapshot/dev/failsafe/failsafe/3.3.2/failsafe-3.3.2.jar
[INFO] Downloading from spring-snapshots: https://repo.spring.io/snapshot/com/fasterxml/jackson/dataformat/jackson-dataformat-smile/2.17.2/jackson-dataformat-smile-2.17.2.jar
[INFO] Downloading from spring-snapshots: https://repo.spring.io/snapshot/com/fasterxml/jackson/module/jackson-module-jaxb-annotations/2.17.2/jackson-module-jaxb-annotations-2.17.2.jar
[INFO] Downloading from spring-snapshots: https://repo.spring.io/snapshot/jakarta/xml/bind/jakarta.xml.bind-api/2.3.3/jakarta.xml.bind-api-2.3.3.jar
[INFO] Downloading from spring-snapshots: https://repo.spring.io/snapshot/jakarta/activation/jakarta.activation-api/1.2.2/jakarta.activation-api-1.2.2.jar
[INFO] Downloading from spring-snapshots: https://repo.spring.io/snapshot/com/fasterxml/jackson/datatype/jackson-datatype-jdk8/2.17.2/jackson-datatype-jdk8-2.17.2.jar
[INFO] Downloading from spring-snapshots: https://repo.spring.io/snapshot/org/openrewrite/rewrite-hcl/8.42.4/rewrite-hcl-8.42.4.jar
[INFO] Downloading from spring-snapshots: https://repo.spring.io/snapshot/org/openrewrite/rewrite-json/8.42.4/rewrite-json-8.42.4.jar
[INFO] Downloading from spring-snapshots: https://repo.spring.io/snapshot/org/openrewrite/rewrite-properties/8.42.4/rewrite-properties-8.42.4.jar
[INFO] Downloading from spring-snapshots: https://repo.spring.io/snapshot/org/openrewrite/rewrite-protobuf/8.42.4/rewrite-protobuf-8.42.4.jar
[INFO] Downloading from spring-snapshots: https://repo.spring.io/snapshot/org/openrewrite/rewrite-yaml/8.42.4/rewrite-yaml-8.42.4.jar
[INFO] Downloading from spring-snapshots: https://repo.spring.io/snapshot/org/yaml/snakeyaml/2.3/snakeyaml-2.3.jar
[INFO] Downloading from spring-snapshots: https://repo.spring.io/snapshot/org/openrewrite/rewrite-groovy/8.42.4/rewrite-groovy-8.42.4.jar
[INFO] Downloading from spring-snapshots: https://repo.spring.io/snapshot/org/codehaus/groovy/groovy/3.0.23/groovy-3.0.23.jar
[INFO] Downloading from spring-snapshots: https://repo.spring.io/snapshot/org/openrewrite/rewrite-kotlin/1.24.0/rewrite-kotlin-1.24.0.jar
[INFO] Downloading from spring-snapshots: https://repo.spring.io/snapshot/org/jetbrains/kotlin/kotlin-compiler-embeddable/1.9.25/kotlin-compiler-embeddable-1.9.25.jar
[INFO] Downloading from spring-snapshots: https://repo.spring.io/snapshot/org/jetbrains/kotlin/kotlin-script-runtime/1.9.25/kotlin-script-runtime-1.9.25.jar
[INFO] Downloading from spring-snapshots: https://repo.spring.io/snapshot/org/jetbrains/kotlin/kotlin-reflect/1.6.10/kotlin-reflect-1.6.10.jar
[INFO] Downloading from spring-snapshots: https://repo.spring.io/snapshot/org/jetbrains/kotlin/kotlin-daemon-embeddable/1.9.25/kotlin-daemon-embeddable-1.9.25.jar
[INFO] Downloading from spring-snapshots: https://repo.spring.io/snapshot/org/jetbrains/intellij/deps/trove4j/1.0.20200330/trove4j-1.0.20200330.jar
[INFO] Downloading from spring-snapshots: https://repo.spring.io/snapshot/org/jetbrains/kotlin/kotlin-stdlib/1.9.25/kotlin-stdlib-1.9.25.jar
[INFO] Downloading from spring-snapshots: https://repo.spring.io/snapshot/org/codehaus/plexus/plexus-xml/4.0.4/plexus-xml-4.0.4.jar
[INFO] Downloading from spring-snapshots: https://repo.spring.io/snapshot/io/micrometer/prometheus/prometheus-rsocket-client/1.5.3/prometheus-rsocket-client-1.5.3.jar
[INFO] Downloading from spring-snapshots: https://repo.spring.io/snapshot/io/micrometer/micrometer-registry-prometheus/1.9.16/micrometer-registry-prometheus-1.9.16.jar
[INFO] Downloading from spring-snapshots: https://repo.spring.io/snapshot/io/prometheus/simpleclient_common/0.15.0/simpleclient_common-0.15.0.jar
[INFO] Downloading from spring-snapshots: https://repo.spring.io/snapshot/io/prometheus/simpleclient/0.15.0/simpleclient-0.15.0.jar
[INFO] Downloading from spring-snapshots: https://repo.spring.io/snapshot/io/prometheus/simpleclient_tracer_otel/0.15.0/simpleclient_tracer_otel-0.15.0.jar
[INFO] Downloading from spring-snapshots: https://repo.spring.io/snapshot/io/prometheus/simpleclient_tracer_common/0.15.0/simpleclient_tracer_common-0.15.0.jar
[INFO] Downloading from spring-snapshots: https://repo.spring.io/snapshot/io/prometheus/simpleclient_tracer_otel_agent/0.15.0/simpleclient_tracer_otel_agent-0.15.0.jar
[INFO] Downloading from spring-snapshots: https://repo.spring.io/snapshot/io/micrometer/micrometer-core/1.14.2/micrometer-core-1.14.2.jar
[INFO] Downloading from spring-snapshots: https://repo.spring.io/snapshot/io/micrometer/micrometer-commons/1.14.2/micrometer-commons-1.14.2.jar
[INFO] Downloading from spring-snapshots: https://repo.spring.io/snapshot/io/micrometer/micrometer-observation/1.14.2/micrometer-observation-1.14.2.jar
[INFO] Downloading from spring-snapshots: https://repo.spring.io/snapshot/io/rsocket/rsocket-transport-netty/1.1.4/rsocket-transport-netty-1.1.4.jar
[INFO] Downloading from spring-snapshots: https://repo.spring.io/snapshot/io/projectreactor/netty/reactor-netty-core/1.0.32/reactor-netty-core-1.0.32.jar
[INFO] Downloading from spring-snapshots: https://repo.spring.io/snapshot/io/netty/netty-handler/4.1.116.Final/netty-handler-4.1.116.Final.jar
[INFO] Downloading from spring-snapshots: https://repo.spring.io/snapshot/io/netty/netty-resolver/4.1.116.Final/netty-resolver-4.1.116.Final.jar
[INFO] Downloading from spring-snapshots: https://repo.spring.io/snapshot/io/netty/netty-transport/4.1.116.Final/netty-transport-4.1.116.Final.jar
[INFO] Downloading from spring-snapshots: https://repo.spring.io/snapshot/io/netty/netty-transport-native-unix-common/4.1.116.Final/netty-transport-native-unix-common-4.1.116.Final.jar
[INFO] Downloading from spring-snapshots: https://repo.spring.io/snapshot/io/netty/netty-codec/4.1.116.Final/netty-codec-4.1.116.Final.jar
[INFO] Downloading from spring-snapshots: https://repo.spring.io/snapshot/io/netty/netty-handler-proxy/4.1.116.Final/netty-handler-proxy-4.1.116.Final.jar
[INFO] Downloading from spring-snapshots: https://repo.spring.io/snapshot/io/netty/netty-codec-socks/4.1.116.Final/netty-codec-socks-4.1.116.Final.jar
[INFO] Downloading from spring-snapshots: https://repo.spring.io/snapshot/io/netty/netty-resolver-dns/4.1.116.Final/netty-resolver-dns-4.1.116.Final.jar
[INFO] Downloading from spring-snapshots: https://repo.spring.io/snapshot/io/netty/netty-codec-dns/4.1.116.Final/netty-codec-dns-4.1.116.Final.jar
[INFO] Downloading from spring-snapshots: https://repo.spring.io/snapshot/io/netty/netty-resolver-dns-native-macos/4.1.116.Final/netty-resolver-dns-native-macos-4.1.116.Final-osx-x86_64.jar
[INFO] Downloading from spring-snapshots: https://repo.spring.io/snapshot/io/netty/netty-resolver-dns-classes-macos/4.1.116.Final/netty-resolver-dns-classes-macos-4.1.116.Final.jar
[INFO] Downloading from spring-snapshots: https://repo.spring.io/snapshot/io/netty/netty-transport-native-epoll/4.1.116.Final/netty-transport-native-epoll-4.1.116.Final-linux-x86_64.jar
[INFO] Downloading from spring-snapshots: https://repo.spring.io/snapshot/io/netty/netty-transport-classes-epoll/4.1.116.Final/netty-transport-classes-epoll-4.1.116.Final.jar
[INFO] Downloading from spring-snapshots: https://repo.spring.io/snapshot/io/projectreactor/netty/reactor-netty-http/1.0.32/reactor-netty-http-1.0.32.jar
[INFO] Downloading from spring-snapshots: https://repo.spring.io/snapshot/io/netty/netty-codec-http/4.1.116.Final/netty-codec-http-4.1.116.Final.jar
[INFO] Downloading from spring-snapshots: https://repo.spring.io/snapshot/io/netty/netty-codec-http2/4.1.116.Final/netty-codec-http2-4.1.116.Final.jar
[INFO] Downloading from spring-snapshots: https://repo.spring.io/snapshot/io/rsocket/rsocket-core/1.1.4/rsocket-core-1.1.4.jar
[INFO] Downloading from spring-snapshots: https://repo.spring.io/snapshot/io/netty/netty-buffer/4.1.116.Final/netty-buffer-4.1.116.Final.jar
[INFO] Downloading from spring-snapshots: https://repo.spring.io/snapshot/io/netty/netty-common/4.1.116.Final/netty-common-4.1.116.Final.jar
[INFO] Downloading from spring-snapshots: https://repo.spring.io/snapshot/io/projectreactor/reactor-core/3.4.29/reactor-core-3.4.29.jar
[INFO] Downloading from spring-snapshots: https://repo.spring.io/snapshot/org/reactivestreams/reactive-streams/1.0.4/reactive-streams-1.0.4.jar
[INFO] Downloading from spring-snapshots: https://repo.spring.io/snapshot/org/rocksdb/rocksdbjni/8.8.1/rocksdbjni-8.8.1.jar
[INFO] Downloading from spring-milestones: https://repo.spring.io/milestone/org/openrewrite/rewrite-java/8.42.4/rewrite-java-8.42.4.jar
[INFO] Downloading from spring-milestones: https://repo.spring.io/milestone/org/openrewrite/rewrite-core/8.42.4/rewrite-core-8.42.4.jar
[INFO] Downloading from spring-milestones: https://repo.spring.io/milestone/org/openrewrite/tools/jgit/1.2.0/jgit-1.2.0.jar
[INFO] Downloading from spring-milestones: https://repo.spring.io/milestone/com/fasterxml/jackson/datatype/jackson-datatype-jsr310/2.17.2/jackson-datatype-jsr310-2.17.2.jar
[INFO] Downloading from spring-milestones: https://repo.spring.io/milestone/com/fasterxml/jackson/module/jackson-module-parameter-names/2.17.2/jackson-module-parameter-names-2.17.2.jar
[INFO] Downloading from spring-milestones: https://repo.spring.io/milestone/org/openrewrite/tools/java-object-diff/1.0.1/java-object-diff-1.0.1.jar
[INFO] Downloading from spring-milestones: https://repo.spring.io/milestone/io/quarkus/gizmo/gizmo/1.0.11.Final/gizmo-1.0.11.Final.jar
[INFO] Downloading from spring-milestones: https://repo.spring.io/milestone/org/jboss/jandex/2.4.2.Final/jandex-2.4.2.Final.jar
[INFO] Downloading from spring-milestones: https://repo.spring.io/milestone/net/java/dev/jna/jna-platform/5.16.0/jna-platform-5.16.0.jar
[INFO] Downloading from spring-milestones: https://repo.spring.io/milestone/net/java/dev/jna/jna/5.16.0/jna-5.16.0.jar
[INFO] Downloading from spring-milestones: https://repo.spring.io/milestone/org/apache/commons/commons-compress/1.27.1/commons-compress-1.27.1.jar
[INFO] Downloading from spring-milestones: https://repo.spring.io/milestone/org/jetbrains/annotations/26.0.1/annotations-26.0.1.jar
[INFO] Downloading from spring-milestones: https://repo.spring.io/milestone/org/antlr/antlr4-runtime/4.11.1/antlr4-runtime-4.11.1.jar
[INFO] Downloading from spring-milestones: https://repo.spring.io/milestone/org/apache/commons/commons-text/1.13.0/commons-text-1.13.0.jar
[INFO] Downloading from spring-milestones: https://repo.spring.io/milestone/io/github/classgraph/classgraph/4.8.179/classgraph-4.8.179.jar
[INFO] Downloading from spring-milestones: https://repo.spring.io/milestone/org/xerial/snappy/snappy-java/1.1.10.7/snappy-java-1.1.10.7.jar
[INFO] Downloading from spring-milestones: https://repo.spring.io/milestone/org/ow2/asm/asm-util/9.7.1/asm-util-9.7.1.jar
[INFO] Downloading from spring-milestones: https://repo.spring.io/milestone/org/ow2/asm/asm-tree/9.7.1/asm-tree-9.7.1.jar
[INFO] Downloading from spring-milestones: https://repo.spring.io/milestone/org/ow2/asm/asm-analysis/9.7.1/asm-analysis-9.7.1.jar
[INFO] Downloading from spring-milestones: https://repo.spring.io/milestone/org/openrewrite/rewrite-java-8/8.42.4/rewrite-java-8-8.42.4.jar
[INFO] Downloading from spring-milestones: https://repo.spring.io/milestone/org/openrewrite/rewrite-java-11/8.42.4/rewrite-java-11-8.42.4.jar
[INFO] Downloading from spring-milestones: https://repo.spring.io/milestone/org/openrewrite/rewrite-java-lombok/8.42.4/rewrite-java-lombok-8.42.4.jar
[INFO] Downloading from spring-milestones: https://repo.spring.io/milestone/org/openrewrite/rewrite-java-17/8.42.4/rewrite-java-17-8.42.4.jar
[INFO] Downloading from spring-milestones: https://repo.spring.io/milestone/org/projectlombok/lombok/1.18.36/lombok-1.18.36.jar
[INFO] Downloading from spring-milestones: https://repo.spring.io/milestone/org/openrewrite/rewrite-java-21/8.42.4/rewrite-java-21-8.42.4.jar
[INFO] Downloading from spring-milestones: https://repo.spring.io/milestone/org/openrewrite/rewrite-xml/8.42.4/rewrite-xml-8.42.4.jar
[INFO] Downloading from spring-milestones: https://repo.spring.io/milestone/org/openrewrite/rewrite-maven/8.42.4/rewrite-maven-8.42.4.jar
[INFO] Downloading from spring-milestones: https://repo.spring.io/milestone/com/github/ben-manes/caffeine/caffeine/2.9.3/caffeine-2.9.3.jar
[INFO] Downloading from spring-milestones: https://repo.spring.io/milestone/org/checkerframework/checker-qual/3.19.0/checker-qual-3.19.0.jar
[INFO] Downloading from spring-milestones: https://repo.spring.io/milestone/com/google/errorprone/error_prone_annotations/2.10.0/error_prone_annotations-2.10.0.jar
[INFO] Downloading from spring-milestones: https://repo.spring.io/milestone/dev/failsafe/failsafe/3.3.2/failsafe-3.3.2.jar
[INFO] Downloading from spring-milestones: https://repo.spring.io/milestone/com/fasterxml/jackson/dataformat/jackson-dataformat-smile/2.17.2/jackson-dataformat-smile-2.17.2.jar
[INFO] Downloading from spring-milestones: https://repo.spring.io/milestone/com/fasterxml/jackson/module/jackson-module-jaxb-annotations/2.17.2/jackson-module-jaxb-annotations-2.17.2.jar
[INFO] Downloading from spring-milestones: https://repo.spring.io/milestone/jakarta/xml/bind/jakarta.xml.bind-api/2.3.3/jakarta.xml.bind-api-2.3.3.jar
[INFO] Downloading from spring-milestones: https://repo.spring.io/milestone/jakarta/activation/jakarta.activation-api/1.2.2/jakarta.activation-api-1.2.2.jar
[INFO] Downloading from spring-milestones: https://repo.spring.io/milestone/com/fasterxml/jackson/datatype/jackson-datatype-jdk8/2.17.2/jackson-datatype-jdk8-2.17.2.jar
[INFO] Downloading from spring-milestones: https://repo.spring.io/milestone/org/openrewrite/rewrite-hcl/8.42.4/rewrite-hcl-8.42.4.jar
[INFO] Downloading from spring-milestones: https://repo.spring.io/milestone/org/openrewrite/rewrite-json/8.42.4/rewrite-json-8.42.4.jar
[INFO] Downloading from spring-milestones: https://repo.spring.io/milestone/org/openrewrite/rewrite-properties/8.42.4/rewrite-properties-8.42.4.jar
[INFO] Downloading from spring-milestones: https://repo.spring.io/milestone/org/openrewrite/rewrite-protobuf/8.42.4/rewrite-protobuf-8.42.4.jar
[INFO] Downloading from spring-milestones: https://repo.spring.io/milestone/org/openrewrite/rewrite-yaml/8.42.4/rewrite-yaml-8.42.4.jar
[INFO] Downloading from spring-milestones: https://repo.spring.io/milestone/org/yaml/snakeyaml/2.3/snakeyaml-2.3.jar
[INFO] Downloading from spring-milestones: https://repo.spring.io/milestone/org/openrewrite/rewrite-groovy/8.42.4/rewrite-groovy-8.42.4.jar
[INFO] Downloading from spring-milestones: https://repo.spring.io/milestone/org/codehaus/groovy/groovy/3.0.23/groovy-3.0.23.jar
[INFO] Downloading from spring-milestones: https://repo.spring.io/milestone/org/openrewrite/rewrite-kotlin/1.24.0/rewrite-kotlin-1.24.0.jar
[INFO] Downloading from spring-milestones: https://repo.spring.io/milestone/org/jetbrains/kotlin/kotlin-compiler-embeddable/1.9.25/kotlin-compiler-embeddable-1.9.25.jar
[INFO] Downloading from spring-milestones: https://repo.spring.io/milestone/org/jetbrains/kotlin/kotlin-script-runtime/1.9.25/kotlin-script-runtime-1.9.25.jar
[INFO] Downloading from spring-milestones: https://repo.spring.io/milestone/org/jetbrains/kotlin/kotlin-reflect/1.6.10/kotlin-reflect-1.6.10.jar
[INFO] Downloading from spring-milestones: https://repo.spring.io/milestone/org/jetbrains/kotlin/kotlin-daemon-embeddable/1.9.25/kotlin-daemon-embeddable-1.9.25.jar
[INFO] Downloading from spring-milestones: https://repo.spring.io/milestone/org/jetbrains/intellij/deps/trove4j/1.0.20200330/trove4j-1.0.20200330.jar
[INFO] Downloading from spring-milestones: https://repo.spring.io/milestone/org/jetbrains/kotlin/kotlin-stdlib/1.9.25/kotlin-stdlib-1.9.25.jar
[INFO] Downloading from spring-milestones: https://repo.spring.io/milestone/org/codehaus/plexus/plexus-xml/4.0.4/plexus-xml-4.0.4.jar
[INFO] Downloading from spring-milestones: https://repo.spring.io/milestone/io/micrometer/prometheus/prometheus-rsocket-client/1.5.3/prometheus-rsocket-client-1.5.3.jar
[INFO] Downloading from spring-milestones: https://repo.spring.io/milestone/io/micrometer/micrometer-registry-prometheus/1.9.16/micrometer-registry-prometheus-1.9.16.jar
[INFO] Downloading from spring-milestones: https://repo.spring.io/milestone/io/prometheus/simpleclient_common/0.15.0/simpleclient_common-0.15.0.jar
[INFO] Downloading from spring-milestones: https://repo.spring.io/milestone/io/prometheus/simpleclient/0.15.0/simpleclient-0.15.0.jar
[INFO] Downloading from spring-milestones: https://repo.spring.io/milestone/io/prometheus/simpleclient_tracer_otel/0.15.0/simpleclient_tracer_otel-0.15.0.jar
[INFO] Downloading from spring-milestones: https://repo.spring.io/milestone/io/prometheus/simpleclient_tracer_common/0.15.0/simpleclient_tracer_common-0.15.0.jar
[INFO] Downloading from spring-milestones: https://repo.spring.io/milestone/io/prometheus/simpleclient_tracer_otel_agent/0.15.0/simpleclient_tracer_otel_agent-0.15.0.jar
[INFO] Downloading from spring-milestones: https://repo.spring.io/milestone/io/micrometer/micrometer-core/1.14.2/micrometer-core-1.14.2.jar
[INFO] Downloading from spring-milestones: https://repo.spring.io/milestone/io/micrometer/micrometer-commons/1.14.2/micrometer-commons-1.14.2.jar
[INFO] Downloading from spring-milestones: https://repo.spring.io/milestone/io/micrometer/micrometer-observation/1.14.2/micrometer-observation-1.14.2.jar
[INFO] Downloading from spring-milestones: https://repo.spring.io/milestone/io/rsocket/rsocket-transport-netty/1.1.4/rsocket-transport-netty-1.1.4.jar
[INFO] Downloading from spring-milestones: https://repo.spring.io/milestone/io/netty/netty-handler/4.1.116.Final/netty-handler-4.1.116.Final.jar
[INFO] Downloading from spring-milestones: https://repo.spring.io/milestone/io/projectreactor/netty/reactor-netty-core/1.0.32/reactor-netty-core-1.0.32.jar
[INFO] Downloading from spring-milestones: https://repo.spring.io/milestone/io/netty/netty-resolver/4.1.116.Final/netty-resolver-4.1.116.Final.jar
[INFO] Downloading from spring-milestones: https://repo.spring.io/milestone/io/netty/netty-transport/4.1.116.Final/netty-transport-4.1.116.Final.jar
[INFO] Downloading from spring-milestones: https://repo.spring.io/milestone/io/netty/netty-transport-native-unix-common/4.1.116.Final/netty-transport-native-unix-common-4.1.116.Final.jar
[INFO] Downloading from spring-milestones: https://repo.spring.io/milestone/io/netty/netty-codec/4.1.116.Final/netty-codec-4.1.116.Final.jar
[INFO] Downloading from spring-milestones: https://repo.spring.io/milestone/io/netty/netty-handler-proxy/4.1.116.Final/netty-handler-proxy-4.1.116.Final.jar
[INFO] Downloading from spring-milestones: https://repo.spring.io/milestone/io/netty/netty-codec-socks/4.1.116.Final/netty-codec-socks-4.1.116.Final.jar
[INFO] Downloading from spring-milestones: https://repo.spring.io/milestone/io/netty/netty-resolver-dns/4.1.116.Final/netty-resolver-dns-4.1.116.Final.jar
[INFO] Downloading from spring-milestones: https://repo.spring.io/milestone/io/netty/netty-codec-dns/4.1.116.Final/netty-codec-dns-4.1.116.Final.jar
[INFO] Downloading from spring-milestones: https://repo.spring.io/milestone/io/netty/netty-resolver-dns-native-macos/4.1.116.Final/netty-resolver-dns-native-macos-4.1.116.Final-osx-x86_64.jar
[INFO] Downloading from spring-milestones: https://repo.spring.io/milestone/io/netty/netty-resolver-dns-classes-macos/4.1.116.Final/netty-resolver-dns-classes-macos-4.1.116.Final.jar
[INFO] Downloading from spring-milestones: https://repo.spring.io/milestone/io/netty/netty-transport-native-epoll/4.1.116.Final/netty-transport-native-epoll-4.1.116.Final-linux-x86_64.jar
[INFO] Downloading from spring-milestones: https://repo.spring.io/milestone/io/netty/netty-transport-classes-epoll/4.1.116.Final/netty-transport-classes-epoll-4.1.116.Final.jar
[INFO] Downloading from spring-milestones: https://repo.spring.io/milestone/io/projectreactor/netty/reactor-netty-http/1.0.32/reactor-netty-http-1.0.32.jar
[INFO] Downloading from spring-milestones: https://repo.spring.io/milestone/io/netty/netty-codec-http/4.1.116.Final/netty-codec-http-4.1.116.Final.jar
[INFO] Downloading from spring-milestones: https://repo.spring.io/milestone/io/netty/netty-codec-http2/4.1.116.Final/netty-codec-http2-4.1.116.Final.jar
[INFO] Downloading from spring-milestones: https://repo.spring.io/milestone/io/rsocket/rsocket-core/1.1.4/rsocket-core-1.1.4.jar
[INFO] Downloading from spring-milestones: https://repo.spring.io/milestone/io/netty/netty-buffer/4.1.116.Final/netty-buffer-4.1.116.Final.jar
[INFO] Downloading from spring-milestones: https://repo.spring.io/milestone/io/netty/netty-common/4.1.116.Final/netty-common-4.1.116.Final.jar
[INFO] Downloading from spring-milestones: https://repo.spring.io/milestone/io/projectreactor/reactor-core/3.4.29/reactor-core-3.4.29.jar
[INFO] Downloading from spring-milestones: https://repo.spring.io/milestone/org/reactivestreams/reactive-streams/1.0.4/reactive-streams-1.0.4.jar
[INFO] Downloading from spring-milestones: https://repo.spring.io/milestone/org/rocksdb/rocksdbjni/8.8.1/rocksdbjni-8.8.1.jar
[INFO] Downloading from central: https://repo.maven.apache.org/maven2/org/openrewrite/rewrite-java/8.42.4/rewrite-java-8.42.4.jar
[INFO] Downloaded from central: https://repo.maven.apache.org/maven2/org/openrewrite/rewrite-java/8.42.4/rewrite-java-8.42.4.jar (3.8 MB at 5.9 MB/s)
[INFO] Downloading from central: https://repo.maven.apache.org/maven2/org/openrewrite/rewrite-core/8.42.4/rewrite-core-8.42.4.jar
[INFO] Downloading from central: https://repo.maven.apache.org/maven2/org/openrewrite/tools/jgit/1.2.0/jgit-1.2.0.jar
[INFO] Downloading from central: https://repo.maven.apache.org/maven2/com/fasterxml/jackson/module/jackson-module-parameter-names/2.17.2/jackson-module-parameter-names-2.17.2.jar
[INFO] Downloading from central: https://repo.maven.apache.org/maven2/com/fasterxml/jackson/datatype/jackson-datatype-jsr310/2.17.2/jackson-datatype-jsr310-2.17.2.jar
[INFO] Downloading from central: https://repo.maven.apache.org/maven2/org/openrewrite/tools/java-object-diff/1.0.1/java-object-diff-1.0.1.jar
[INFO] Downloaded from central: https://repo.maven.apache.org/maven2/com/fasterxml/jackson/module/jackson-module-parameter-names/2.17.2/jackson-module-parameter-names-2.17.2.jar (10 kB at 122 kB/s)
[INFO] Downloading from central: https://repo.maven.apache.org/maven2/io/quarkus/gizmo/gizmo/1.0.11.Final/gizmo-1.0.11.Final.jar
[INFO] Downloaded from central: https://repo.maven.apache.org/maven2/org/openrewrite/rewrite-core/8.42.4/rewrite-core-8.42.4.jar (697 kB at 5.9 MB/s)
[INFO] Downloading from central: https://repo.maven.apache.org/maven2/org/jboss/jandex/2.4.2.Final/jandex-2.4.2.Final.jar
[INFO] Downloaded from central: https://repo.maven.apache.org/maven2/org/openrewrite/tools/java-object-diff/1.0.1/java-object-diff-1.0.1.jar (164 kB at 1.3 MB/s)
[INFO] Downloading from central: https://repo.maven.apache.org/maven2/net/java/dev/jna/jna-platform/5.16.0/jna-platform-5.16.0.jar
[INFO] Downloaded from central: https://repo.maven.apache.org/maven2/com/fasterxml/jackson/datatype/jackson-datatype-jsr310/2.17.2/jackson-datatype-jsr310-2.17.2.jar (132 kB at 1.0 MB/s)
[INFO] Downloading from central: https://repo.maven.apache.org/maven2/net/java/dev/jna/jna/5.16.0/jna-5.16.0.jar
[INFO] Downloaded from central: https://repo.maven.apache.org/maven2/io/quarkus/gizmo/gizmo/1.0.11.Final/gizmo-1.0.11.Final.jar (101 kB at 714 kB/s)
[INFO] Downloading from central: https://repo.maven.apache.org/maven2/org/apache/commons/commons-compress/1.27.1/commons-compress-1.27.1.jar
[INFO] Downloaded from central: https://repo.maven.apache.org/maven2/org/jboss/jandex/2.4.2.Final/jandex-2.4.2.Final.jar (231 kB at 1.2 MB/s)
[INFO] Downloading from central: https://repo.maven.apache.org/maven2/org/jetbrains/annotations/26.0.1/annotations-26.0.1.jar
[INFO] Downloaded from central: https://repo.maven.apache.org/maven2/org/jetbrains/annotations/26.0.1/annotations-26.0.1.jar (31 kB at 138 kB/s)
[INFO] Downloading from central: https://repo.maven.apache.org/maven2/org/antlr/antlr4-runtime/4.11.1/antlr4-runtime-4.11.1.jar
[INFO] Downloaded from central: https://repo.maven.apache.org/maven2/org/apache/commons/commons-compress/1.27.1/commons-compress-1.27.1.jar (1.1 MB at 3.9 MB/s)
[INFO] Downloading from central: https://repo.maven.apache.org/maven2/org/apache/commons/commons-text/1.13.0/commons-text-1.13.0.jar
[INFO] Downloaded from central: https://repo.maven.apache.org/maven2/org/openrewrite/tools/jgit/1.2.0/jgit-1.2.0.jar (2.8 MB at 8.6 MB/s)
[INFO] Downloading from central: https://repo.maven.apache.org/maven2/io/github/classgraph/classgraph/4.8.179/classgraph-4.8.179.jar
[INFO] Downloaded from central: https://repo.maven.apache.org/maven2/org/antlr/antlr4-runtime/4.11.1/antlr4-runtime-4.11.1.jar (324 kB at 985 kB/s)
[INFO] Downloaded from central: https://repo.maven.apache.org/maven2/org/apache/commons/commons-text/1.13.0/commons-text-1.13.0.jar (258 kB at 784 kB/s)
[INFO] Downloading from central: https://repo.maven.apache.org/maven2/org/xerial/snappy/snappy-java/1.1.10.7/snappy-java-1.1.10.7.jar
[INFO] Downloading from central: https://repo.maven.apache.org/maven2/org/ow2/asm/asm-util/9.7.1/asm-util-9.7.1.jar
[INFO] Downloaded from central: https://repo.maven.apache.org/maven2/net/java/dev/jna/jna/5.16.0/jna-5.16.0.jar (2.0 MB at 6.1 MB/s)
[INFO] Downloading from central: https://repo.maven.apache.org/maven2/org/ow2/asm/asm-tree/9.7.1/asm-tree-9.7.1.jar
[INFO] Downloaded from central: https://repo.maven.apache.org/maven2/org/ow2/asm/asm-tree/9.7.1/asm-tree-9.7.1.jar (52 kB at 148 kB/s)
[INFO] Downloading from central: https://repo.maven.apache.org/maven2/org/ow2/asm/asm-analysis/9.7.1/asm-analysis-9.7.1.jar
[INFO] Downloaded from central: https://repo.maven.apache.org/maven2/org/ow2/asm/asm-util/9.7.1/asm-util-9.7.1.jar (95 kB at 257 kB/s)
[INFO] Downloading from central: https://repo.maven.apache.org/maven2/org/openrewrite/rewrite-java-8/8.42.4/rewrite-java-8-8.42.4.jar
[INFO] Downloaded from central: https://repo.maven.apache.org/maven2/org/ow2/asm/asm-analysis/9.7.1/asm-analysis-9.7.1.jar (35 kB at 93 kB/s)
[INFO] Downloading from central: https://repo.maven.apache.org/maven2/org/openrewrite/rewrite-java-11/8.42.4/rewrite-java-11-8.42.4.jar
[INFO] Downloaded from central: https://repo.maven.apache.org/maven2/net/java/dev/jna/jna-platform/5.16.0/jna-platform-5.16.0.jar (1.4 MB at 3.5 MB/s)
[INFO] Downloading from central: https://repo.maven.apache.org/maven2/org/openrewrite/rewrite-java-lombok/8.42.4/rewrite-java-lombok-8.42.4.jar
[INFO] Downloaded from central: https://repo.maven.apache.org/maven2/io/github/classgraph/classgraph/4.8.179/classgraph-4.8.179.jar (576 kB at 1.5 MB/s)
[INFO] Downloading from central: https://repo.maven.apache.org/maven2/org/projectlombok/lombok/1.18.36/lombok-1.18.36.jar
[INFO] Downloaded from central: https://repo.maven.apache.org/maven2/org/openrewrite/rewrite-java-8/8.42.4/rewrite-java-8-8.42.4.jar (106 kB at 270 kB/s)
[INFO] Downloading from central: https://repo.maven.apache.org/maven2/org/openrewrite/rewrite-java-17/8.42.4/rewrite-java-17-8.42.4.jar
[INFO] Downloaded from central: https://repo.maven.apache.org/maven2/org/openrewrite/rewrite-java-11/8.42.4/rewrite-java-11-8.42.4.jar (111 kB at 273 kB/s)
[INFO] Downloading from central: https://repo.maven.apache.org/maven2/org/openrewrite/rewrite-java-21/8.42.4/rewrite-java-21-8.42.4.jar
[INFO] Downloaded from central: https://repo.maven.apache.org/maven2/org/openrewrite/rewrite-java-lombok/8.42.4/rewrite-java-lombok-8.42.4.jar (23 kB at 54 kB/s)
[INFO] Downloading from central: https://repo.maven.apache.org/maven2/org/openrewrite/rewrite-xml/8.42.4/rewrite-xml-8.42.4.jar
[INFO] Downloaded from central: https://repo.maven.apache.org/maven2/org/openrewrite/rewrite-java-21/8.42.4/rewrite-java-21-8.42.4.jar (111 kB at 258 kB/s)
[INFO] Downloading from central: https://repo.maven.apache.org/maven2/org/openrewrite/rewrite-maven/8.42.4/rewrite-maven-8.42.4.jar
[INFO] Downloaded from central: https://repo.maven.apache.org/maven2/org/openrewrite/rewrite-java-17/8.42.4/rewrite-java-17-8.42.4.jar (114 kB at 257 kB/s)
[INFO] Downloading from central: https://repo.maven.apache.org/maven2/com/github/ben-manes/caffeine/caffeine/2.9.3/caffeine-2.9.3.jar
[INFO] Downloaded from central: https://repo.maven.apache.org/maven2/org/openrewrite/rewrite-xml/8.42.4/rewrite-xml-8.42.4.jar (291 kB at 610 kB/s)
[INFO] Downloading from central: https://repo.maven.apache.org/maven2/org/checkerframework/checker-qual/3.19.0/checker-qual-3.19.0.jar
[INFO] Downloaded from central: https://repo.maven.apache.org/maven2/org/openrewrite/rewrite-maven/8.42.4/rewrite-maven-8.42.4.jar (812 kB at 1.6 MB/s)
[INFO] Downloading from central: https://repo.maven.apache.org/maven2/com/google/errorprone/error_prone_annotations/2.10.0/error_prone_annotations-2.10.0.jar
[INFO] Downloaded from central: https://repo.maven.apache.org/maven2/com/google/errorprone/error_prone_annotations/2.10.0/error_prone_annotations-2.10.0.jar (16 kB at 31 kB/s)
[INFO] Downloading from central: https://repo.maven.apache.org/maven2/dev/failsafe/failsafe/3.3.2/failsafe-3.3.2.jar
[INFO] Downloaded from central: https://repo.maven.apache.org/maven2/org/checkerframework/checker-qual/3.19.0/checker-qual-3.19.0.jar (222 kB at 425 kB/s)
[INFO] Downloading from central: https://repo.maven.apache.org/maven2/com/fasterxml/jackson/dataformat/jackson-dataformat-smile/2.17.2/jackson-dataformat-smile-2.17.2.jar
[INFO] Downloaded from central: https://repo.maven.apache.org/maven2/com/github/ben-manes/caffeine/caffeine/2.9.3/caffeine-2.9.3.jar (912 kB at 1.7 MB/s)
[INFO] Downloading from central: https://repo.maven.apache.org/maven2/com/fasterxml/jackson/module/jackson-module-jaxb-annotations/2.17.2/jackson-module-jaxb-annotations-2.17.2.jar
[INFO] Downloaded from central: https://repo.maven.apache.org/maven2/dev/failsafe/failsafe/3.3.2/failsafe-3.3.2.jar (144 kB at 261 kB/s)
[INFO] Downloading from central: https://repo.maven.apache.org/maven2/jakarta/xml/bind/jakarta.xml.bind-api/2.3.3/jakarta.xml.bind-api-2.3.3.jar
[INFO] Downloaded from central: https://repo.maven.apache.org/maven2/com/fasterxml/jackson/module/jackson-module-jaxb-annotations/2.17.2/jackson-module-jaxb-annotations-2.17.2.jar (37 kB at 67 kB/s)
[INFO] Downloading from central: https://repo.maven.apache.org/maven2/jakarta/activation/jakarta.activation-api/1.2.2/jakarta.activation-api-1.2.2.jar
[INFO] Downloaded from central: https://repo.maven.apache.org/maven2/com/fasterxml/jackson/dataformat/jackson-dataformat-smile/2.17.2/jackson-dataformat-smile-2.17.2.jar (97 kB at 173 kB/s)
[INFO] Downloading from central: https://repo.maven.apache.org/maven2/com/fasterxml/jackson/datatype/jackson-datatype-jdk8/2.17.2/jackson-datatype-jdk8-2.17.2.jar
[INFO] Downloaded from central: https://repo.maven.apache.org/maven2/org/projectlombok/lombok/1.18.36/lombok-1.18.36.jar (2.1 MB at 3.6 MB/s)
[INFO] Downloading from central: https://repo.maven.apache.org/maven2/org/openrewrite/rewrite-hcl/8.42.4/rewrite-hcl-8.42.4.jar
[INFO] Downloaded from central: https://repo.maven.apache.org/maven2/jakarta/xml/bind/jakarta.xml.bind-api/2.3.3/jakarta.xml.bind-api-2.3.3.jar (116 kB at 200 kB/s)
[INFO] Downloading from central: https://repo.maven.apache.org/maven2/org/openrewrite/rewrite-json/8.42.4/rewrite-json-8.42.4.jar
[INFO] Downloaded from central: https://repo.maven.apache.org/maven2/com/fasterxml/jackson/datatype/jackson-datatype-jdk8/2.17.2/jackson-datatype-jdk8-2.17.2.jar (36 kB at 62 kB/s)
[INFO] Downloading from central: https://repo.maven.apache.org/maven2/org/openrewrite/rewrite-properties/8.42.4/rewrite-properties-8.42.4.jar
[INFO] Downloaded from central: https://repo.maven.apache.org/maven2/jakarta/activation/jakarta.activation-api/1.2.2/jakarta.activation-api-1.2.2.jar (47 kB at 80 kB/s)
[INFO] Downloading from central: https://repo.maven.apache.org/maven2/org/openrewrite/rewrite-protobuf/8.42.4/rewrite-protobuf-8.42.4.jar
[INFO] Downloaded from central: https://repo.maven.apache.org/maven2/org/openrewrite/rewrite-hcl/8.42.4/rewrite-hcl-8.42.4.jar (411 kB at 679 kB/s)
[INFO] Downloading from central: https://repo.maven.apache.org/maven2/org/openrewrite/rewrite-yaml/8.42.4/rewrite-yaml-8.42.4.jar
[INFO] Downloaded from central: https://repo.maven.apache.org/maven2/org/openrewrite/rewrite-properties/8.42.4/rewrite-properties-8.42.4.jar (76 kB at 124 kB/s)
[INFO] Downloading from central: https://repo.maven.apache.org/maven2/org/yaml/snakeyaml/2.3/snakeyaml-2.3.jar
[INFO] Downloaded from central: https://repo.maven.apache.org/maven2/org/openrewrite/rewrite-json/8.42.4/rewrite-json-8.42.4.jar (159 kB at 255 kB/s)
[INFO] Downloading from central: https://repo.maven.apache.org/maven2/org/openrewrite/rewrite-groovy/8.42.4/rewrite-groovy-8.42.4.jar
[INFO] Downloaded from central: https://repo.maven.apache.org/maven2/org/yaml/snakeyaml/2.3/snakeyaml-2.3.jar (342 kB at 534 kB/s)
[INFO] Downloading from central: https://repo.maven.apache.org/maven2/org/codehaus/groovy/groovy/3.0.23/groovy-3.0.23.jar
[INFO] Downloaded from central: https://repo.maven.apache.org/maven2/org/openrewrite/rewrite-protobuf/8.42.4/rewrite-protobuf-8.42.4.jar (228 kB at 354 kB/s)
[INFO] Downloading from central: https://repo.maven.apache.org/maven2/org/openrewrite/rewrite-kotlin/1.24.0/rewrite-kotlin-1.24.0.jar
[INFO] Downloaded from central: https://repo.maven.apache.org/maven2/org/openrewrite/rewrite-yaml/8.42.4/rewrite-yaml-8.42.4.jar (267 kB at 404 kB/s)
[INFO] Downloading from central: https://repo.maven.apache.org/maven2/org/jetbrains/kotlin/kotlin-compiler-embeddable/1.9.25/kotlin-compiler-embeddable-1.9.25.jar
[INFO] Downloaded from central: https://repo.maven.apache.org/maven2/org/openrewrite/rewrite-groovy/8.42.4/rewrite-groovy-8.42.4.jar (199 kB at 293 kB/s)
[INFO] Downloading from central: https://repo.maven.apache.org/maven2/org/jetbrains/kotlin/kotlin-script-runtime/1.9.25/kotlin-script-runtime-1.9.25.jar
[INFO] Downloaded from central: https://repo.maven.apache.org/maven2/org/jetbrains/kotlin/kotlin-script-runtime/1.9.25/kotlin-script-runtime-1.9.25.jar (43 kB at 61 kB/s)
[INFO] Downloading from central: https://repo.maven.apache.org/maven2/org/jetbrains/kotlin/kotlin-reflect/1.6.10/kotlin-reflect-1.6.10.jar
[INFO] Downloaded from central: https://repo.maven.apache.org/maven2/org/openrewrite/rewrite-kotlin/1.24.0/rewrite-kotlin-1.24.0.jar (758 kB at 1.0 MB/s)
[INFO] Downloading from central: https://repo.maven.apache.org/maven2/org/jetbrains/kotlin/kotlin-daemon-embeddable/1.9.25/kotlin-daemon-embeddable-1.9.25.jar
[INFO] Downloaded from central: https://repo.maven.apache.org/maven2/org/xerial/snappy/snappy-java/1.1.10.7/snappy-java-1.1.10.7.jar (2.3 MB at 2.9 MB/s)
[INFO] Downloading from central: https://repo.maven.apache.org/maven2/org/jetbrains/intellij/deps/trove4j/1.0.20200330/trove4j-1.0.20200330.jar
[INFO] Downloaded from central: https://repo.maven.apache.org/maven2/org/jetbrains/kotlin/kotlin-daemon-embeddable/1.9.25/kotlin-daemon-embeddable-1.9.25.jar (399 kB at 472 kB/s)
[INFO] Downloading from central: https://repo.maven.apache.org/maven2/org/jetbrains/kotlin/kotlin-stdlib/1.9.25/kotlin-stdlib-1.9.25.jar
[INFO] Downloaded from central: https://repo.maven.apache.org/maven2/org/jetbrains/kotlin/kotlin-reflect/1.6.10/kotlin-reflect-1.6.10.jar (3.0 MB at 3.2 MB/s)
[INFO] Downloading from central: https://repo.maven.apache.org/maven2/org/codehaus/plexus/plexus-xml/4.0.4/plexus-xml-4.0.4.jar
[INFO] Downloaded from central: https://repo.maven.apache.org/maven2/org/jetbrains/intellij/deps/trove4j/1.0.20200330/trove4j-1.0.20200330.jar (573 kB at 572 kB/s)
[INFO] Downloading from central: https://repo.maven.apache.org/maven2/io/micrometer/prometheus/prometheus-rsocket-client/1.5.3/prometheus-rsocket-client-1.5.3.jar
[INFO] Downloaded from central: https://repo.maven.apache.org/maven2/org/codehaus/plexus/plexus-xml/4.0.4/plexus-xml-4.0.4.jar (89 kB at 89 kB/s)
[INFO] Downloading from central: https://repo.maven.apache.org/maven2/io/micrometer/micrometer-registry-prometheus/1.9.16/micrometer-registry-prometheus-1.9.16.jar
[INFO] Downloaded from central: https://repo.maven.apache.org/maven2/io/micrometer/micrometer-registry-prometheus/1.9.16/micrometer-registry-prometheus-1.9.16.jar (41 kB at 39 kB/s)
[INFO] Downloading from central: https://repo.maven.apache.org/maven2/io/prometheus/simpleclient_common/0.15.0/simpleclient_common-0.15.0.jar
[INFO] Downloaded from central: https://repo.maven.apache.org/maven2/org/codehaus/groovy/groovy/3.0.23/groovy-3.0.23.jar (8.1 MB at 7.7 MB/s)
[INFO] Downloading from central: https://repo.maven.apache.org/maven2/io/prometheus/simpleclient/0.15.0/simpleclient-0.15.0.jar
[INFO] Downloaded from central: https://repo.maven.apache.org/maven2/io/micrometer/prometheus/prometheus-rsocket-client/1.5.3/prometheus-rsocket-client-1.5.3.jar (18 kB at 18 kB/s)
[INFO] Downloading from central: https://repo.maven.apache.org/maven2/io/prometheus/simpleclient_tracer_otel/0.15.0/simpleclient_tracer_otel-0.15.0.jar
[INFO] Downloaded from central: https://repo.maven.apache.org/maven2/org/jetbrains/kotlin/kotlin-stdlib/1.9.25/kotlin-stdlib-1.9.25.jar (1.7 MB at 1.6 MB/s)
[INFO] Downloading from central: https://repo.maven.apache.org/maven2/io/prometheus/simpleclient_tracer_common/0.15.0/simpleclient_tracer_common-0.15.0.jar
[INFO] Downloaded from central: https://repo.maven.apache.org/maven2/io/prometheus/simpleclient_common/0.15.0/simpleclient_common-0.15.0.jar (8.0 kB at 7.5 kB/s)
[INFO] Downloading from central: https://repo.maven.apache.org/maven2/io/prometheus/simpleclient_tracer_otel_agent/0.15.0/simpleclient_tracer_otel_agent-0.15.0.jar
[INFO] Downloaded from central: https://repo.maven.apache.org/maven2/io/prometheus/simpleclient_tracer_common/0.15.0/simpleclient_tracer_common-0.15.0.jar (3.4 kB at 3.1 kB/s)
[INFO] Downloading from central: https://repo.maven.apache.org/maven2/io/micrometer/micrometer-core/1.14.2/micrometer-core-1.14.2.jar
[INFO] Downloaded from central: https://repo.maven.apache.org/maven2/io/prometheus/simpleclient_tracer_otel/0.15.0/simpleclient_tracer_otel-0.15.0.jar (4.3 kB at 4.0 kB/s)
[INFO] Downloading from central: https://repo.maven.apache.org/maven2/io/micrometer/micrometer-commons/1.14.2/micrometer-commons-1.14.2.jar
[INFO] Downloaded from central: https://repo.maven.apache.org/maven2/io/prometheus/simpleclient_tracer_otel_agent/0.15.0/simpleclient_tracer_otel_agent-0.15.0.jar (4.5 kB at 4.2 kB/s)
[INFO] Downloading from central: https://repo.maven.apache.org/maven2/io/micrometer/micrometer-observation/1.14.2/micrometer-observation-1.14.2.jar
[INFO] Downloaded from central: https://repo.maven.apache.org/maven2/io/prometheus/simpleclient/0.15.0/simpleclient-0.15.0.jar (89 kB at 81 kB/s)
[INFO] Downloading from central: https://repo.maven.apache.org/maven2/io/rsocket/rsocket-transport-netty/1.1.4/rsocket-transport-netty-1.1.4.jar
[INFO] Downloaded from central: https://repo.maven.apache.org/maven2/io/micrometer/micrometer-commons/1.14.2/micrometer-commons-1.14.2.jar (48 kB at 43 kB/s)
[INFO] Downloading from central: https://repo.maven.apache.org/maven2/io/projectreactor/netty/reactor-netty-core/1.0.32/reactor-netty-core-1.0.32.jar
[INFO] Downloaded from central: https://repo.maven.apache.org/maven2/io/micrometer/micrometer-observation/1.14.2/micrometer-observation-1.14.2.jar (75 kB at 67 kB/s)
[INFO] Downloading from central: https://repo.maven.apache.org/maven2/io/netty/netty-handler/4.1.116.Final/netty-handler-4.1.116.Final.jar
[INFO] Downloaded from central: https://repo.maven.apache.org/maven2/io/rsocket/rsocket-transport-netty/1.1.4/rsocket-transport-netty-1.1.4.jar (23 kB at 21 kB/s)
[INFO] Downloading from central: https://repo.maven.apache.org/maven2/io/netty/netty-resolver/4.1.116.Final/netty-resolver-4.1.116.Final.jar
[INFO] Downloaded from central: https://repo.maven.apache.org/maven2/io/micrometer/micrometer-core/1.14.2/micrometer-core-1.14.2.jar (876 kB at 775 kB/s)
[INFO] Downloading from central: https://repo.maven.apache.org/maven2/io/netty/netty-transport/4.1.116.Final/netty-transport-4.1.116.Final.jar
[INFO] Downloaded from central: https://repo.maven.apache.org/maven2/io/netty/netty-resolver/4.1.116.Final/netty-resolver-4.1.116.Final.jar (38 kB at 32 kB/s)
[INFO] Downloading from central: https://repo.maven.apache.org/maven2/io/netty/netty-transport-native-unix-common/4.1.116.Final/netty-transport-native-unix-common-4.1.116.Final.jar
[INFO] Downloaded from central: https://repo.maven.apache.org/maven2/io/projectreactor/netty/reactor-netty-core/1.0.32/reactor-netty-core-1.0.32.jar (412 kB at 339 kB/s)
[INFO] Downloading from central: https://repo.maven.apache.org/maven2/io/netty/netty-codec/4.1.116.Final/netty-codec-4.1.116.Final.jar
[INFO] Downloaded from central: https://repo.maven.apache.org/maven2/io/netty/netty-handler/4.1.116.Final/netty-handler-4.1.116.Final.jar (579 kB at 474 kB/s)
[INFO] Downloading from central: https://repo.maven.apache.org/maven2/io/netty/netty-handler-proxy/4.1.116.Final/netty-handler-proxy-4.1.116.Final.jar
[INFO] Downloaded from central: https://repo.maven.apache.org/maven2/io/netty/netty-transport/4.1.116.Final/netty-transport-4.1.116.Final.jar (521 kB at 427 kB/s)
[INFO] Downloading from central: https://repo.maven.apache.org/maven2/io/netty/netty-codec-socks/4.1.116.Final/netty-codec-socks-4.1.116.Final.jar
[INFO] Downloaded from central: https://repo.maven.apache.org/maven2/io/netty/netty-transport-native-unix-common/4.1.116.Final/netty-transport-native-unix-common-4.1.116.Final.jar (44 kB at 36 kB/s)
[INFO] Downloading from central: https://repo.maven.apache.org/maven2/io/netty/netty-resolver-dns/4.1.116.Final/netty-resolver-dns-4.1.116.Final.jar
[INFO] Downloaded from central: https://repo.maven.apache.org/maven2/io/netty/netty-handler-proxy/4.1.116.Final/netty-handler-proxy-4.1.116.Final.jar (26 kB at 21 kB/s)
[INFO] Downloading from central: https://repo.maven.apache.org/maven2/io/netty/netty-codec-dns/4.1.116.Final/netty-codec-dns-4.1.116.Final.jar
[INFO] Downloaded from central: https://repo.maven.apache.org/maven2/io/netty/netty-codec-socks/4.1.116.Final/netty-codec-socks-4.1.116.Final.jar (121 kB at 97 kB/s)
[INFO] Downloading from central: https://repo.maven.apache.org/maven2/io/netty/netty-resolver-dns-native-macos/4.1.116.Final/netty-resolver-dns-native-macos-4.1.116.Final-osx-x86_64.jar
[INFO] Downloaded from central: https://repo.maven.apache.org/maven2/io/netty/netty-codec/4.1.116.Final/netty-codec-4.1.116.Final.jar (353 kB at 277 kB/s)
[INFO] Downloading from central: https://repo.maven.apache.org/maven2/io/netty/netty-resolver-dns-classes-macos/4.1.116.Final/netty-resolver-dns-classes-macos-4.1.116.Final.jar
[INFO] Downloaded from central: https://repo.maven.apache.org/maven2/io/netty/netty-codec-dns/4.1.116.Final/netty-codec-dns-4.1.116.Final.jar (67 kB at 53 kB/s)
[INFO] Downloading from central: https://repo.maven.apache.org/maven2/io/netty/netty-transport-native-epoll/4.1.116.Final/netty-transport-native-epoll-4.1.116.Final-linux-x86_64.jar
[INFO] Downloaded from central: https://repo.maven.apache.org/maven2/io/netty/netty-resolver-dns-native-macos/4.1.116.Final/netty-resolver-dns-native-macos-4.1.116.Final-osx-x86_64.jar (20 kB at 15 kB/s)
[INFO] Downloading from central: https://repo.maven.apache.org/maven2/io/netty/netty-transport-classes-epoll/4.1.116.Final/netty-transport-classes-epoll-4.1.116.Final.jar
[INFO] Downloaded from central: https://repo.maven.apache.org/maven2/io/netty/netty-resolver-dns/4.1.116.Final/netty-resolver-dns-4.1.116.Final.jar (188 kB at 147 kB/s)
[INFO] Downloading from central: https://repo.maven.apache.org/maven2/io/projectreactor/netty/reactor-netty-http/1.0.32/reactor-netty-http-1.0.32.jar
[INFO] Downloaded from central: https://repo.maven.apache.org/maven2/io/netty/netty-resolver-dns-classes-macos/4.1.116.Final/netty-resolver-dns-classes-macos-4.1.116.Final.jar (9.1 kB at 7.1 kB/s)
[INFO] Downloading from central: https://repo.maven.apache.org/maven2/io/netty/netty-codec-http/4.1.116.Final/netty-codec-http-4.1.116.Final.jar
[INFO] Downloaded from central: https://repo.maven.apache.org/maven2/io/netty/netty-transport-native-epoll/4.1.116.Final/netty-transport-native-epoll-4.1.116.Final-linux-x86_64.jar (41 kB at 31 kB/s)
[INFO] Downloading from central: https://repo.maven.apache.org/maven2/io/netty/netty-codec-http2/4.1.116.Final/netty-codec-http2-4.1.116.Final.jar
[INFO] Downloaded from central: https://repo.maven.apache.org/maven2/io/netty/netty-transport-classes-epoll/4.1.116.Final/netty-transport-classes-epoll-4.1.116.Final.jar (148 kB at 113 kB/s)
[INFO] Downloading from central: https://repo.maven.apache.org/maven2/io/rsocket/rsocket-core/1.1.4/rsocket-core-1.1.4.jar
[INFO] Downloaded from central: https://repo.maven.apache.org/maven2/io/netty/netty-codec-http2/4.1.116.Final/netty-codec-http2-4.1.116.Final.jar (490 kB at 364 kB/s)
[INFO] Downloading from central: https://repo.maven.apache.org/maven2/io/netty/netty-buffer/4.1.116.Final/netty-buffer-4.1.116.Final.jar
[INFO] Downloaded from central: https://repo.maven.apache.org/maven2/io/rsocket/rsocket-core/1.1.4/rsocket-core-1.1.4.jar (434 kB at 316 kB/s)
[INFO] Downloading from central: https://repo.maven.apache.org/maven2/io/netty/netty-common/4.1.116.Final/netty-common-4.1.116.Final.jar
[INFO] Downloaded from central: https://repo.maven.apache.org/maven2/io/netty/netty-codec-http/4.1.116.Final/netty-codec-http-4.1.116.Final.jar (674 kB at 490 kB/s)
[INFO] Downloading from central: https://repo.maven.apache.org/maven2/io/projectreactor/reactor-core/3.4.29/reactor-core-3.4.29.jar
[INFO] Downloaded from central: https://repo.maven.apache.org/maven2/io/projectreactor/netty/reactor-netty-http/1.0.32/reactor-netty-http-1.0.32.jar (363 kB at 259 kB/s)
[INFO] Downloading from central: https://repo.maven.apache.org/maven2/org/reactivestreams/reactive-streams/1.0.4/reactive-streams-1.0.4.jar
[INFO] Downloaded from central: https://repo.maven.apache.org/maven2/io/netty/netty-buffer/4.1.116.Final/netty-buffer-4.1.116.Final.jar (338 kB at 239 kB/s)
[INFO] Downloading from central: https://repo.maven.apache.org/maven2/org/rocksdb/rocksdbjni/8.8.1/rocksdbjni-8.8.1.jar
[INFO] Downloaded from central: https://repo.maven.apache.org/maven2/io/netty/netty-common/4.1.116.Final/netty-common-4.1.116.Final.jar (718 kB at 506 kB/s)
[INFO] Downloaded from central: https://repo.maven.apache.org/maven2/org/reactivestreams/reactive-streams/1.0.4/reactive-streams-1.0.4.jar (12 kB at 8.1 kB/s)
[INFO] Downloaded from central: https://repo.maven.apache.org/maven2/io/projectreactor/reactor-core/3.4.29/reactor-core-3.4.29.jar (1.7 MB at 1.1 MB/s)
[INFO] Downloaded from central: https://repo.maven.apache.org/maven2/org/jetbrains/kotlin/kotlin-compiler-embeddable/1.9.25/kotlin-compiler-embeddable-1.9.25.jar (60 MB at 23 MB/s)
[INFO] Downloaded from central: https://repo.maven.apache.org/maven2/org/rocksdb/rocksdbjni/8.8.1/rocksdbjni-8.8.1.jar (61 MB at 15 MB/s)
[INFO] Using active recipe(s) [org.openrewrite.java.migrate.UpgradeToJava21]
[INFO] Using active styles(s) []
[INFO] Downloading from spring-snapshots: https://repo.spring.io/snapshot/org/openrewrite/recipe/rewrite-migrate-java/2.31.1/rewrite-migrate-java-2.31.1.pom
[INFO] Downloading from spring-milestones: https://repo.spring.io/milestone/org/openrewrite/recipe/rewrite-migrate-java/2.31.1/rewrite-migrate-java-2.31.1.pom
[INFO] Downloading from central: https://repo.maven.apache.org/maven2/org/openrewrite/recipe/rewrite-migrate-java/2.31.1/rewrite-migrate-java-2.31.1.pom
[INFO] Downloaded from central: https://repo.maven.apache.org/maven2/org/openrewrite/recipe/rewrite-migrate-java/2.31.1/rewrite-migrate-java-2.31.1.pom (5.9 kB at 141 kB/s)
[INFO] Downloading from spring-snapshots: https://repo.spring.io/snapshot/org/openrewrite/rewrite-bom/8.41.1/rewrite-bom-8.41.1.pom
[INFO] Downloading from spring-milestones: https://repo.spring.io/milestone/org/openrewrite/rewrite-bom/8.41.1/rewrite-bom-8.41.1.pom
[INFO] Downloading from central: https://repo.maven.apache.org/maven2/org/openrewrite/rewrite-bom/8.41.1/rewrite-bom-8.41.1.pom
[INFO] Downloaded from central: https://repo.maven.apache.org/maven2/org/openrewrite/rewrite-bom/8.41.1/rewrite-bom-8.41.1.pom (5.9 kB at 269 kB/s)
[INFO] Downloading from spring-snapshots: https://repo.spring.io/snapshot/org/openrewrite/rewrite-java/8.41.1/rewrite-java-8.41.1.pom
[INFO] Downloading from spring-milestones: https://repo.spring.io/milestone/org/openrewrite/rewrite-java/8.41.1/rewrite-java-8.41.1.pom
[INFO] Downloading from central: https://repo.maven.apache.org/maven2/org/openrewrite/rewrite-java/8.41.1/rewrite-java-8.41.1.pom
[INFO] Downloaded from central: https://repo.maven.apache.org/maven2/org/openrewrite/rewrite-java/8.41.1/rewrite-java-8.41.1.pom (5.6 kB at 150 kB/s)
[INFO] Downloading from spring-snapshots: https://repo.spring.io/snapshot/org/openrewrite/rewrite-core/8.41.1/rewrite-core-8.41.1.pom
[INFO] Downloading from spring-milestones: https://repo.spring.io/milestone/org/openrewrite/rewrite-core/8.41.1/rewrite-core-8.41.1.pom
[INFO] Downloading from central: https://repo.maven.apache.org/maven2/org/openrewrite/rewrite-core/8.41.1/rewrite-core-8.41.1.pom
[INFO] Downloaded from central: https://repo.maven.apache.org/maven2/org/openrewrite/rewrite-core/8.41.1/rewrite-core-8.41.1.pom (5.8 kB at 292 kB/s)
[INFO] Downloading from spring-snapshots: https://repo.spring.io/snapshot/net/java/dev/jna/jna-platform/5.15.0/jna-platform-5.15.0.pom
[INFO] Downloading from spring-milestones: https://repo.spring.io/milestone/net/java/dev/jna/jna-platform/5.15.0/jna-platform-5.15.0.pom
[INFO] Downloading from central: https://repo.maven.apache.org/maven2/net/java/dev/jna/jna-platform/5.15.0/jna-platform-5.15.0.pom
[INFO] Downloaded from central: https://repo.maven.apache.org/maven2/net/java/dev/jna/jna-platform/5.15.0/jna-platform-5.15.0.pom (2.3 kB at 125 kB/s)
[INFO] Downloading from spring-snapshots: https://repo.spring.io/snapshot/net/java/dev/jna/jna/5.15.0/jna-5.15.0.pom
[INFO] Downloading from spring-milestones: https://repo.spring.io/milestone/net/java/dev/jna/jna/5.15.0/jna-5.15.0.pom
[INFO] Downloading from central: https://repo.maven.apache.org/maven2/net/java/dev/jna/jna/5.15.0/jna-5.15.0.pom
[INFO] Downloaded from central: https://repo.maven.apache.org/maven2/net/java/dev/jna/jna/5.15.0/jna-5.15.0.pom (2.0 kB at 97 kB/s)
[INFO] Downloading from spring-snapshots: https://repo.spring.io/snapshot/org/openrewrite/rewrite-yaml/8.41.1/rewrite-yaml-8.41.1.pom
[INFO] Downloading from spring-milestones: https://repo.spring.io/milestone/org/openrewrite/rewrite-yaml/8.41.1/rewrite-yaml-8.41.1.pom
[INFO] Downloading from central: https://repo.maven.apache.org/maven2/org/openrewrite/rewrite-yaml/8.41.1/rewrite-yaml-8.41.1.pom
[INFO] Downloaded from central: https://repo.maven.apache.org/maven2/org/openrewrite/rewrite-yaml/8.41.1/rewrite-yaml-8.41.1.pom (4.1 kB at 171 kB/s)
[INFO] Downloading from spring-snapshots: https://repo.spring.io/snapshot/org/openrewrite/rewrite-properties/8.41.1/rewrite-properties-8.41.1.pom
[INFO] Downloading from spring-milestones: https://repo.spring.io/milestone/org/openrewrite/rewrite-properties/8.41.1/rewrite-properties-8.41.1.pom
[INFO] Downloading from central: https://repo.maven.apache.org/maven2/org/openrewrite/rewrite-properties/8.41.1/rewrite-properties-8.41.1.pom
[INFO] Downloaded from central: https://repo.maven.apache.org/maven2/org/openrewrite/rewrite-properties/8.41.1/rewrite-properties-8.41.1.pom (3.8 kB at 180 kB/s)
[INFO] Downloading from spring-snapshots: https://repo.spring.io/snapshot/org/openrewrite/rewrite-xml/8.41.1/rewrite-xml-8.41.1.pom
[INFO] Downloading from spring-milestones: https://repo.spring.io/milestone/org/openrewrite/rewrite-xml/8.41.1/rewrite-xml-8.41.1.pom
[INFO] Downloading from central: https://repo.maven.apache.org/maven2/org/openrewrite/rewrite-xml/8.41.1/rewrite-xml-8.41.1.pom
[INFO] Downloaded from central: https://repo.maven.apache.org/maven2/org/openrewrite/rewrite-xml/8.41.1/rewrite-xml-8.41.1.pom (4.1 kB at 101 kB/s)
[INFO] Downloading from spring-snapshots: https://repo.spring.io/snapshot/org/openrewrite/rewrite-maven/8.41.1/rewrite-maven-8.41.1.pom
[INFO] Downloading from spring-milestones: https://repo.spring.io/milestone/org/openrewrite/rewrite-maven/8.41.1/rewrite-maven-8.41.1.pom
[INFO] Downloading from central: https://repo.maven.apache.org/maven2/org/openrewrite/rewrite-maven/8.41.1/rewrite-maven-8.41.1.pom
[INFO] Downloaded from central: https://repo.maven.apache.org/maven2/org/openrewrite/rewrite-maven/8.41.1/rewrite-maven-8.41.1.pom (5.9 kB at 280 kB/s)
[INFO] Downloading from spring-snapshots: https://repo.spring.io/snapshot/org/openrewrite/rewrite-gradle/8.41.1/rewrite-gradle-8.41.1.pom
[INFO] Downloading from spring-milestones: https://repo.spring.io/milestone/org/openrewrite/rewrite-gradle/8.41.1/rewrite-gradle-8.41.1.pom
[INFO] Downloading from central: https://repo.maven.apache.org/maven2/org/openrewrite/rewrite-gradle/8.41.1/rewrite-gradle-8.41.1.pom
[INFO] Downloaded from central: https://repo.maven.apache.org/maven2/org/openrewrite/rewrite-gradle/8.41.1/rewrite-gradle-8.41.1.pom (4.1 kB at 91 kB/s)
[INFO] Downloading from spring-snapshots: https://repo.spring.io/snapshot/org/openrewrite/rewrite-groovy/8.41.1/rewrite-groovy-8.41.1.pom
[INFO] Downloading from spring-milestones: https://repo.spring.io/milestone/org/openrewrite/rewrite-groovy/8.41.1/rewrite-groovy-8.41.1.pom
[INFO] Downloading from central: https://repo.maven.apache.org/maven2/org/openrewrite/rewrite-groovy/8.41.1/rewrite-groovy-8.41.1.pom
[INFO] Downloaded from central: https://repo.maven.apache.org/maven2/org/openrewrite/rewrite-groovy/8.41.1/rewrite-groovy-8.41.1.pom (4.0 kB at 220 kB/s)
[INFO] Downloading from spring-snapshots: https://repo.spring.io/snapshot/org/openrewrite/recipe/rewrite-github-actions/2.10.1/rewrite-github-actions-2.10.1.pom
[INFO] Downloading from spring-milestones: https://repo.spring.io/milestone/org/openrewrite/recipe/rewrite-github-actions/2.10.1/rewrite-github-actions-2.10.1.pom
[INFO] Downloading from central: https://repo.maven.apache.org/maven2/org/openrewrite/recipe/rewrite-github-actions/2.10.1/rewrite-github-actions-2.10.1.pom
[INFO] Downloaded from central: https://repo.maven.apache.org/maven2/org/openrewrite/recipe/rewrite-github-actions/2.10.1/rewrite-github-actions-2.10.1.pom (3.7 kB at 168 kB/s)
[INFO] Downloading from spring-snapshots: https://repo.spring.io/snapshot/org/openrewrite/recipe/rewrite-java-dependencies/1.24.1/rewrite-java-dependencies-1.24.1.pom
[INFO] Downloading from spring-milestones: https://repo.spring.io/milestone/org/openrewrite/recipe/rewrite-java-dependencies/1.24.1/rewrite-java-dependencies-1.24.1.pom
[INFO] Downloading from central: https://repo.maven.apache.org/maven2/org/openrewrite/recipe/rewrite-java-dependencies/1.24.1/rewrite-java-dependencies-1.24.1.pom
[INFO] Downloaded from central: https://repo.maven.apache.org/maven2/org/openrewrite/recipe/rewrite-java-dependencies/1.24.1/rewrite-java-dependencies-1.24.1.pom (4.9 kB at 122 kB/s)
[INFO] Downloading from spring-snapshots: https://repo.spring.io/snapshot/com/fasterxml/jackson/dataformat/jackson-dataformat-csv/2.17.2/jackson-dataformat-csv-2.17.2.pom
[INFO] Downloading from spring-milestones: https://repo.spring.io/milestone/com/fasterxml/jackson/dataformat/jackson-dataformat-csv/2.17.2/jackson-dataformat-csv-2.17.2.pom
[INFO] Downloading from central: https://repo.maven.apache.org/maven2/com/fasterxml/jackson/dataformat/jackson-dataformat-csv/2.17.2/jackson-dataformat-csv-2.17.2.pom
[INFO] Downloaded from central: https://repo.maven.apache.org/maven2/com/fasterxml/jackson/dataformat/jackson-dataformat-csv/2.17.2/jackson-dataformat-csv-2.17.2.pom (3.0 kB at 134 kB/s)
[INFO] Downloading from spring-snapshots: https://repo.spring.io/snapshot/com/fasterxml/jackson/dataformat/jackson-dataformats-text/2.17.2/jackson-dataformats-text-2.17.2.pom
[INFO] Downloading from spring-milestones: https://repo.spring.io/milestone/com/fasterxml/jackson/dataformat/jackson-dataformats-text/2.17.2/jackson-dataformats-text-2.17.2.pom
[INFO] Downloading from central: https://repo.maven.apache.org/maven2/com/fasterxml/jackson/dataformat/jackson-dataformats-text/2.17.2/jackson-dataformats-text-2.17.2.pom
[INFO] Downloaded from central: https://repo.maven.apache.org/maven2/com/fasterxml/jackson/dataformat/jackson-dataformats-text/2.17.2/jackson-dataformats-text-2.17.2.pom (3.5 kB at 205 kB/s)
[INFO] Downloading from spring-snapshots: https://repo.spring.io/snapshot/org/openrewrite/rewrite-java-17/8.41.1/rewrite-java-17-8.41.1.pom
[INFO] Downloading from spring-milestones: https://repo.spring.io/milestone/org/openrewrite/rewrite-java-17/8.41.1/rewrite-java-17-8.41.1.pom
[INFO] Downloading from central: https://repo.maven.apache.org/maven2/org/openrewrite/rewrite-java-17/8.41.1/rewrite-java-17-8.41.1.pom
[INFO] Downloaded from central: https://repo.maven.apache.org/maven2/org/openrewrite/rewrite-java-17/8.41.1/rewrite-java-17-8.41.1.pom (4.3 kB at 98 kB/s)
[INFO] Downloading from spring-snapshots: https://repo.spring.io/snapshot/org/openrewrite/rewrite-java-lombok/8.41.1/rewrite-java-lombok-8.41.1.pom
[INFO] Downloading from spring-milestones: https://repo.spring.io/milestone/org/openrewrite/rewrite-java-lombok/8.41.1/rewrite-java-lombok-8.41.1.pom
[INFO] Downloading from central: https://repo.maven.apache.org/maven2/org/openrewrite/rewrite-java-lombok/8.41.1/rewrite-java-lombok-8.41.1.pom
[INFO] Downloaded from central: https://repo.maven.apache.org/maven2/org/openrewrite/rewrite-java-lombok/8.41.1/rewrite-java-lombok-8.41.1.pom (3.6 kB at 138 kB/s)
[INFO] Downloading from spring-snapshots: https://repo.spring.io/snapshot/org/openrewrite/recipe/rewrite-static-analysis/1.21.1/rewrite-static-analysis-1.21.1.pom
[INFO] Downloading from spring-milestones: https://repo.spring.io/milestone/org/openrewrite/recipe/rewrite-static-analysis/1.21.1/rewrite-static-analysis-1.21.1.pom
[INFO] Downloading from central: https://repo.maven.apache.org/maven2/org/openrewrite/recipe/rewrite-static-analysis/1.21.1/rewrite-static-analysis-1.21.1.pom
[INFO] Downloaded from central: https://repo.maven.apache.org/maven2/org/openrewrite/recipe/rewrite-static-analysis/1.21.1/rewrite-static-analysis-1.21.1.pom (4.8 kB at 112 kB/s)
[INFO] Downloading from spring-snapshots: https://repo.spring.io/snapshot/org/openrewrite/rewrite-kotlin/1.23.1/rewrite-kotlin-1.23.1.pom
[INFO] Downloading from spring-milestones: https://repo.spring.io/milestone/org/openrewrite/rewrite-kotlin/1.23.1/rewrite-kotlin-1.23.1.pom
[INFO] Downloading from central: https://repo.maven.apache.org/maven2/org/openrewrite/rewrite-kotlin/1.23.1/rewrite-kotlin-1.23.1.pom
[INFO] Downloaded from central: https://repo.maven.apache.org/maven2/org/openrewrite/rewrite-kotlin/1.23.1/rewrite-kotlin-1.23.1.pom (4.2 kB at 190 kB/s)
[INFO] Downloading from spring-snapshots: https://repo.spring.io/snapshot/org/jetbrains/kotlin/kotlin-bom/1.9.22/kotlin-bom-1.9.22.pom
[INFO] Downloading from spring-milestones: https://repo.spring.io/milestone/org/jetbrains/kotlin/kotlin-bom/1.9.22/kotlin-bom-1.9.22.pom
[INFO] Downloading from central: https://repo.maven.apache.org/maven2/org/jetbrains/kotlin/kotlin-bom/1.9.22/kotlin-bom-1.9.22.pom
[INFO] Downloaded from central: https://repo.maven.apache.org/maven2/org/jetbrains/kotlin/kotlin-bom/1.9.22/kotlin-bom-1.9.22.pom (9.1 kB at 415 kB/s)
[INFO] Downloading from spring-snapshots: https://repo.spring.io/snapshot/org/jetbrains/kotlin/kotlin-compiler-embeddable/1.9.22/kotlin-compiler-embeddable-1.9.22.pom
[INFO] Downloading from spring-milestones: https://repo.spring.io/milestone/org/jetbrains/kotlin/kotlin-compiler-embeddable/1.9.22/kotlin-compiler-embeddable-1.9.22.pom
[INFO] Downloading from central: https://repo.maven.apache.org/maven2/org/jetbrains/kotlin/kotlin-compiler-embeddable/1.9.22/kotlin-compiler-embeddable-1.9.22.pom
[INFO] Downloaded from central: https://repo.maven.apache.org/maven2/org/jetbrains/kotlin/kotlin-compiler-embeddable/1.9.22/kotlin-compiler-embeddable-1.9.22.pom (2.3 kB at 101 kB/s)
[INFO] Downloading from spring-snapshots: https://repo.spring.io/snapshot/org/jetbrains/kotlin/kotlin-stdlib/1.9.22/kotlin-stdlib-1.9.22.pom
[INFO] Downloading from spring-milestones: https://repo.spring.io/milestone/org/jetbrains/kotlin/kotlin-stdlib/1.9.22/kotlin-stdlib-1.9.22.pom
[INFO] Downloading from central: https://repo.maven.apache.org/maven2/org/jetbrains/kotlin/kotlin-stdlib/1.9.22/kotlin-stdlib-1.9.22.pom
[INFO] Downloaded from central: https://repo.maven.apache.org/maven2/org/jetbrains/kotlin/kotlin-stdlib/1.9.22/kotlin-stdlib-1.9.22.pom (2.8 kB at 129 kB/s)
[INFO] Downloading from spring-snapshots: https://repo.spring.io/snapshot/org/jetbrains/kotlin/kotlin-script-runtime/1.9.22/kotlin-script-runtime-1.9.22.pom
[INFO] Downloading from spring-milestones: https://repo.spring.io/milestone/org/jetbrains/kotlin/kotlin-script-runtime/1.9.22/kotlin-script-runtime-1.9.22.pom
[INFO] Downloading from central: https://repo.maven.apache.org/maven2/org/jetbrains/kotlin/kotlin-script-runtime/1.9.22/kotlin-script-runtime-1.9.22.pom
[INFO] Downloaded from central: https://repo.maven.apache.org/maven2/org/jetbrains/kotlin/kotlin-script-runtime/1.9.22/kotlin-script-runtime-1.9.22.pom (1.2 kB at 77 kB/s)
[INFO] Downloading from spring-snapshots: https://repo.spring.io/snapshot/org/jetbrains/kotlin/kotlin-daemon-embeddable/1.9.22/kotlin-daemon-embeddable-1.9.22.pom
[INFO] Downloading from spring-milestones: https://repo.spring.io/milestone/org/jetbrains/kotlin/kotlin-daemon-embeddable/1.9.22/kotlin-daemon-embeddable-1.9.22.pom
[INFO] Downloading from central: https://repo.maven.apache.org/maven2/org/jetbrains/kotlin/kotlin-daemon-embeddable/1.9.22/kotlin-daemon-embeddable-1.9.22.pom
[INFO] Downloaded from central: https://repo.maven.apache.org/maven2/org/jetbrains/kotlin/kotlin-daemon-embeddable/1.9.22/kotlin-daemon-embeddable-1.9.22.pom (1.2 kB at 54 kB/s)
[INFO] Downloading from spring-snapshots: https://repo.spring.io/snapshot/org/openrewrite/rewrite-csharp/0.16.1/rewrite-csharp-0.16.1.pom
[INFO] Downloading from spring-milestones: https://repo.spring.io/milestone/org/openrewrite/rewrite-csharp/0.16.1/rewrite-csharp-0.16.1.pom
[INFO] Downloading from central: https://repo.maven.apache.org/maven2/org/openrewrite/rewrite-csharp/0.16.1/rewrite-csharp-0.16.1.pom
[INFO] Downloaded from central: https://repo.maven.apache.org/maven2/org/openrewrite/rewrite-csharp/0.16.1/rewrite-csharp-0.16.1.pom (4.6 kB at 229 kB/s)
[INFO] Downloading from spring-snapshots: https://repo.spring.io/snapshot/io/micrometer/micrometer-core/1.14.1/micrometer-core-1.14.1.pom
[INFO] Downloading from spring-milestones: https://repo.spring.io/milestone/io/micrometer/micrometer-core/1.14.1/micrometer-core-1.14.1.pom
[INFO] Downloading from central: https://repo.maven.apache.org/maven2/io/micrometer/micrometer-core/1.14.1/micrometer-core-1.14.1.pom
[INFO] Downloaded from central: https://repo.maven.apache.org/maven2/io/micrometer/micrometer-core/1.14.1/micrometer-core-1.14.1.pom (11 kB at 463 kB/s)
[INFO] Downloading from spring-snapshots: https://repo.spring.io/snapshot/io/micrometer/micrometer-commons/1.14.1/micrometer-commons-1.14.1.pom
[INFO] Downloading from spring-milestones: https://repo.spring.io/milestone/io/micrometer/micrometer-commons/1.14.1/micrometer-commons-1.14.1.pom
[INFO] Downloading from central: https://repo.maven.apache.org/maven2/io/micrometer/micrometer-commons/1.14.1/micrometer-commons-1.14.1.pom
[INFO] Downloaded from central: https://repo.maven.apache.org/maven2/io/micrometer/micrometer-commons/1.14.1/micrometer-commons-1.14.1.pom (3.4 kB at 155 kB/s)
[INFO] Downloading from spring-snapshots: https://repo.spring.io/snapshot/io/micrometer/micrometer-observation/1.14.1/micrometer-observation-1.14.1.pom
[INFO] Downloading from spring-milestones: https://repo.spring.io/milestone/io/micrometer/micrometer-observation/1.14.1/micrometer-observation-1.14.1.pom
[INFO] Downloading from central: https://repo.maven.apache.org/maven2/io/micrometer/micrometer-observation/1.14.1/micrometer-observation-1.14.1.pom
[INFO] Downloaded from central: https://repo.maven.apache.org/maven2/io/micrometer/micrometer-observation/1.14.1/micrometer-observation-1.14.1.pom (3.8 kB at 175 kB/s)
[INFO] Downloading from spring-snapshots: https://repo.spring.io/snapshot/com/fasterxml/jackson/dataformat/jackson-dataformat-cbor/2.17.2/jackson-dataformat-cbor-2.17.2.pom
[INFO] Downloading from spring-milestones: https://repo.spring.io/milestone/com/fasterxml/jackson/dataformat/jackson-dataformat-cbor/2.17.2/jackson-dataformat-cbor-2.17.2.pom
[INFO] Downloading from central: https://repo.maven.apache.org/maven2/com/fasterxml/jackson/dataformat/jackson-dataformat-cbor/2.17.2/jackson-dataformat-cbor-2.17.2.pom
[INFO] Downloaded from central: https://repo.maven.apache.org/maven2/com/fasterxml/jackson/dataformat/jackson-dataformat-cbor/2.17.2/jackson-dataformat-cbor-2.17.2.pom (3.1 kB at 139 kB/s)
[INFO] Downloading from spring-snapshots: https://repo.spring.io/snapshot/ch/qos/logback/logback-classic/1.2.13/logback-classic-1.2.13.pom
[INFO] Downloading from spring-milestones: https://repo.spring.io/milestone/ch/qos/logback/logback-classic/1.2.13/logback-classic-1.2.13.pom
[INFO] Downloading from central: https://repo.maven.apache.org/maven2/ch/qos/logback/logback-classic/1.2.13/logback-classic-1.2.13.pom
[INFO] Downloaded from central: https://repo.maven.apache.org/maven2/ch/qos/logback/logback-classic/1.2.13/logback-classic-1.2.13.pom (9.7 kB at 461 kB/s)
[INFO] Downloading from spring-snapshots: https://repo.spring.io/snapshot/ch/qos/logback/logback-parent/1.2.13/logback-parent-1.2.13.pom
[INFO] Downloading from spring-milestones: https://repo.spring.io/milestone/ch/qos/logback/logback-parent/1.2.13/logback-parent-1.2.13.pom
[INFO] Downloading from central: https://repo.maven.apache.org/maven2/ch/qos/logback/logback-parent/1.2.13/logback-parent-1.2.13.pom
[INFO] Downloaded from central: https://repo.maven.apache.org/maven2/ch/qos/logback/logback-parent/1.2.13/logback-parent-1.2.13.pom (19 kB at 913 kB/s)
[INFO] Downloading from spring-snapshots: https://repo.spring.io/snapshot/ch/qos/logback/logback-core/1.2.13/logback-core-1.2.13.pom
[INFO] Downloading from spring-milestones: https://repo.spring.io/milestone/ch/qos/logback/logback-core/1.2.13/logback-core-1.2.13.pom
[INFO] Downloading from central: https://repo.maven.apache.org/maven2/ch/qos/logback/logback-core/1.2.13/logback-core-1.2.13.pom
[INFO] Downloaded from central: https://repo.maven.apache.org/maven2/ch/qos/logback/logback-core/1.2.13/logback-core-1.2.13.pom (4.2 kB at 208 kB/s)
[INFO] Downloading from spring-snapshots: https://repo.spring.io/snapshot/org/openrewrite/meta/rewrite-analysis/2.13.1/rewrite-analysis-2.13.1.pom
[INFO] Downloading from spring-milestones: https://repo.spring.io/milestone/org/openrewrite/meta/rewrite-analysis/2.13.1/rewrite-analysis-2.13.1.pom
[INFO] Downloading from central: https://repo.maven.apache.org/maven2/org/openrewrite/meta/rewrite-analysis/2.13.1/rewrite-analysis-2.13.1.pom
[INFO] Downloaded from central: https://repo.maven.apache.org/maven2/org/openrewrite/meta/rewrite-analysis/2.13.1/rewrite-analysis-2.13.1.pom (4.6 kB at 208 kB/s)
[INFO] Downloading from spring-snapshots: https://repo.spring.io/snapshot/org/functionaljava/functionaljava/5.0/functionaljava-5.0.pom
[INFO] Downloading from spring-milestones: https://repo.spring.io/milestone/org/functionaljava/functionaljava/5.0/functionaljava-5.0.pom
[INFO] Downloading from central: https://repo.maven.apache.org/maven2/org/functionaljava/functionaljava/5.0/functionaljava-5.0.pom
[INFO] Downloaded from central: https://repo.maven.apache.org/maven2/org/functionaljava/functionaljava/5.0/functionaljava-5.0.pom (1.9 kB at 91 kB/s)
[INFO] Downloading from spring-snapshots: https://repo.spring.io/snapshot/org/openrewrite/rewrite-templating/1.19.1/rewrite-templating-1.19.1.pom
[INFO] Downloading from spring-milestones: https://repo.spring.io/milestone/org/openrewrite/rewrite-templating/1.19.1/rewrite-templating-1.19.1.pom
[INFO] Downloading from central: https://repo.maven.apache.org/maven2/org/openrewrite/rewrite-templating/1.19.1/rewrite-templating-1.19.1.pom
[INFO] Downloaded from central: https://repo.maven.apache.org/maven2/org/openrewrite/rewrite-templating/1.19.1/rewrite-templating-1.19.1.pom (3.3 kB at 149 kB/s)
[INFO] Downloading from spring-snapshots: https://repo.spring.io/snapshot/org/openrewrite/recipe/rewrite-jenkins/0.18.1/rewrite-jenkins-0.18.1.pom
[INFO] Downloading from spring-milestones: https://repo.spring.io/milestone/org/openrewrite/recipe/rewrite-jenkins/0.18.1/rewrite-jenkins-0.18.1.pom
[INFO] Downloading from central: https://repo.maven.apache.org/maven2/org/openrewrite/recipe/rewrite-jenkins/0.18.1/rewrite-jenkins-0.18.1.pom
[INFO] Downloaded from central: https://repo.maven.apache.org/maven2/org/openrewrite/recipe/rewrite-jenkins/0.18.1/rewrite-jenkins-0.18.1.pom (4.6 kB at 207 kB/s)
[INFO] Downloading from spring-snapshots: https://repo.spring.io/snapshot/org/openrewrite/recipe/rewrite-java-dependencies/1.24.0/rewrite-java-dependencies-1.24.0.pom
[INFO] Downloading from spring-milestones: https://repo.spring.io/milestone/org/openrewrite/recipe/rewrite-java-dependencies/1.24.0/rewrite-java-dependencies-1.24.0.pom
[INFO] Downloading from central: https://repo.maven.apache.org/maven2/org/openrewrite/recipe/rewrite-java-dependencies/1.24.0/rewrite-java-dependencies-1.24.0.pom
[INFO] Downloaded from central: https://repo.maven.apache.org/maven2/org/openrewrite/recipe/rewrite-java-dependencies/1.24.0/rewrite-java-dependencies-1.24.0.pom (4.9 kB at 203 kB/s)
[INFO] Downloading from spring-snapshots: https://repo.spring.io/snapshot/org/openrewrite/rewrite-bom/8.41.0/rewrite-bom-8.41.0.pom
[INFO] Downloading from spring-milestones: https://repo.spring.io/milestone/org/openrewrite/rewrite-bom/8.41.0/rewrite-bom-8.41.0.pom
[INFO] Downloading from central: https://repo.maven.apache.org/maven2/org/openrewrite/rewrite-bom/8.41.0/rewrite-bom-8.41.0.pom
[INFO] Downloaded from central: https://repo.maven.apache.org/maven2/org/openrewrite/rewrite-bom/8.41.0/rewrite-bom-8.41.0.pom (5.9 kB at 148 kB/s)
[INFO] Downloading from spring-snapshots: https://repo.spring.io/snapshot/org/openrewrite/rewrite-maven/8.41.0/rewrite-maven-8.41.0.pom
[INFO] Downloading from spring-milestones: https://repo.spring.io/milestone/org/openrewrite/rewrite-maven/8.41.0/rewrite-maven-8.41.0.pom
[INFO] Downloading from central: https://repo.maven.apache.org/maven2/org/openrewrite/rewrite-maven/8.41.0/rewrite-maven-8.41.0.pom
[INFO] Downloaded from central: https://repo.maven.apache.org/maven2/org/openrewrite/rewrite-maven/8.41.0/rewrite-maven-8.41.0.pom (5.9 kB at 147 kB/s)
[INFO] Downloading from spring-snapshots: https://repo.spring.io/snapshot/org/openrewrite/rewrite-xml/8.41.0/rewrite-xml-8.41.0.pom
[INFO] Downloading from spring-milestones: https://repo.spring.io/milestone/org/openrewrite/rewrite-xml/8.41.0/rewrite-xml-8.41.0.pom
[INFO] Downloading from central: https://repo.maven.apache.org/maven2/org/openrewrite/rewrite-xml/8.41.0/rewrite-xml-8.41.0.pom
[INFO] Downloaded from central: https://repo.maven.apache.org/maven2/org/openrewrite/rewrite-xml/8.41.0/rewrite-xml-8.41.0.pom (4.1 kB at 242 kB/s)
[INFO] Downloading from spring-snapshots: https://repo.spring.io/snapshot/org/openrewrite/rewrite-core/8.41.0/rewrite-core-8.41.0.pom
[INFO] Downloading from spring-milestones: https://repo.spring.io/milestone/org/openrewrite/rewrite-core/8.41.0/rewrite-core-8.41.0.pom
[INFO] Downloading from central: https://repo.maven.apache.org/maven2/org/openrewrite/rewrite-core/8.41.0/rewrite-core-8.41.0.pom
[INFO] Downloaded from central: https://repo.maven.apache.org/maven2/org/openrewrite/rewrite-core/8.41.0/rewrite-core-8.41.0.pom (5.8 kB at 325 kB/s)
[INFO] Downloading from spring-snapshots: https://repo.spring.io/snapshot/org/openrewrite/rewrite-java/8.41.0/rewrite-java-8.41.0.pom
[INFO] Downloading from spring-milestones: https://repo.spring.io/milestone/org/openrewrite/rewrite-java/8.41.0/rewrite-java-8.41.0.pom
[INFO] Downloading from central: https://repo.maven.apache.org/maven2/org/openrewrite/rewrite-java/8.41.0/rewrite-java-8.41.0.pom
[INFO] Downloaded from central: https://repo.maven.apache.org/maven2/org/openrewrite/rewrite-java/8.41.0/rewrite-java-8.41.0.pom (5.6 kB at 242 kB/s)
[INFO] Downloading from spring-snapshots: https://repo.spring.io/snapshot/org/openrewrite/rewrite-yaml/8.41.0/rewrite-yaml-8.41.0.pom
[INFO] Downloading from spring-milestones: https://repo.spring.io/milestone/org/openrewrite/rewrite-yaml/8.41.0/rewrite-yaml-8.41.0.pom
[INFO] Downloading from central: https://repo.maven.apache.org/maven2/org/openrewrite/rewrite-yaml/8.41.0/rewrite-yaml-8.41.0.pom
[INFO] Downloaded from central: https://repo.maven.apache.org/maven2/org/openrewrite/rewrite-yaml/8.41.0/rewrite-yaml-8.41.0.pom (4.1 kB at 103 kB/s)
[INFO] Downloading from spring-snapshots: https://repo.spring.io/snapshot/org/openrewrite/rewrite-properties/8.41.0/rewrite-properties-8.41.0.pom
[INFO] Downloading from spring-milestones: https://repo.spring.io/milestone/org/openrewrite/rewrite-properties/8.41.0/rewrite-properties-8.41.0.pom
[INFO] Downloading from central: https://repo.maven.apache.org/maven2/org/openrewrite/rewrite-properties/8.41.0/rewrite-properties-8.41.0.pom
[INFO] Downloaded from central: https://repo.maven.apache.org/maven2/org/openrewrite/rewrite-properties/8.41.0/rewrite-properties-8.41.0.pom (3.8 kB at 172 kB/s)
[INFO] Downloading from spring-snapshots: https://repo.spring.io/snapshot/org/openrewrite/rewrite-gradle/8.41.0/rewrite-gradle-8.41.0.pom
[INFO] Downloading from spring-milestones: https://repo.spring.io/milestone/org/openrewrite/rewrite-gradle/8.41.0/rewrite-gradle-8.41.0.pom
[INFO] Downloading from central: https://repo.maven.apache.org/maven2/org/openrewrite/rewrite-gradle/8.41.0/rewrite-gradle-8.41.0.pom
[INFO] Downloaded from central: https://repo.maven.apache.org/maven2/org/openrewrite/rewrite-gradle/8.41.0/rewrite-gradle-8.41.0.pom (4.1 kB at 206 kB/s)
[INFO] Downloading from spring-snapshots: https://repo.spring.io/snapshot/org/openrewrite/rewrite-groovy/8.41.0/rewrite-groovy-8.41.0.pom
[INFO] Downloading from spring-milestones: https://repo.spring.io/milestone/org/openrewrite/rewrite-groovy/8.41.0/rewrite-groovy-8.41.0.pom
[INFO] Downloading from central: https://repo.maven.apache.org/maven2/org/openrewrite/rewrite-groovy/8.41.0/rewrite-groovy-8.41.0.pom
[INFO] Downloaded from central: https://repo.maven.apache.org/maven2/org/openrewrite/rewrite-groovy/8.41.0/rewrite-groovy-8.41.0.pom (4.0 kB at 188 kB/s)
[INFO] Downloading from spring-snapshots: https://repo.spring.io/snapshot/org/openrewrite/rewrite-java-17/8.41.0/rewrite-java-17-8.41.0.pom
[INFO] Downloading from spring-milestones: https://repo.spring.io/milestone/org/openrewrite/rewrite-java-17/8.41.0/rewrite-java-17-8.41.0.pom
[INFO] Downloading from central: https://repo.maven.apache.org/maven2/org/openrewrite/rewrite-java-17/8.41.0/rewrite-java-17-8.41.0.pom
[INFO] Downloaded from central: https://repo.maven.apache.org/maven2/org/openrewrite/rewrite-java-17/8.41.0/rewrite-java-17-8.41.0.pom (4.3 kB at 187 kB/s)
[INFO] Downloading from spring-snapshots: https://repo.spring.io/snapshot/org/openrewrite/rewrite-java-lombok/8.41.0/rewrite-java-lombok-8.41.0.pom
[INFO] Downloading from spring-milestones: https://repo.spring.io/milestone/org/openrewrite/rewrite-java-lombok/8.41.0/rewrite-java-lombok-8.41.0.pom
[INFO] Downloading from central: https://repo.maven.apache.org/maven2/org/openrewrite/rewrite-java-lombok/8.41.0/rewrite-java-lombok-8.41.0.pom
[INFO] Downloaded from central: https://repo.maven.apache.org/maven2/org/openrewrite/rewrite-java-lombok/8.41.0/rewrite-java-lombok-8.41.0.pom (3.6 kB at 163 kB/s)
[INFO] Downloading from spring-snapshots: https://repo.spring.io/snapshot/org/openrewrite/rewrite-java-11/8.41.1/rewrite-java-11-8.41.1.pom
[INFO] Downloading from spring-milestones: https://repo.spring.io/milestone/org/openrewrite/rewrite-java-11/8.41.1/rewrite-java-11-8.41.1.pom
[INFO] Downloading from central: https://repo.maven.apache.org/maven2/org/openrewrite/rewrite-java-11/8.41.1/rewrite-java-11-8.41.1.pom
[INFO] Downloaded from central: https://repo.maven.apache.org/maven2/org/openrewrite/rewrite-java-11/8.41.1/rewrite-java-11-8.41.1.pom (4.1 kB at 179 kB/s)
[INFO] Downloading from spring-snapshots: https://repo.spring.io/snapshot/org/openrewrite/rewrite-java-8/8.41.1/rewrite-java-8-8.41.1.pom
[INFO] Downloading from spring-milestones: https://repo.spring.io/milestone/org/openrewrite/rewrite-java-8/8.41.1/rewrite-java-8-8.41.1.pom
[INFO] Downloading from central: https://repo.maven.apache.org/maven2/org/openrewrite/rewrite-java-8/8.41.1/rewrite-java-8-8.41.1.pom
[INFO] Downloaded from central: https://repo.maven.apache.org/maven2/org/openrewrite/rewrite-java-8/8.41.1/rewrite-java-8-8.41.1.pom (3.7 kB at 117 kB/s)
[INFO] Downloading from spring-snapshots: https://repo.spring.io/snapshot/org/openrewrite/rewrite-java-21/8.41.1/rewrite-java-21-8.41.1.pom
[INFO] Downloading from spring-milestones: https://repo.spring.io/milestone/org/openrewrite/rewrite-java-21/8.41.1/rewrite-java-21-8.41.1.pom
[INFO] Downloading from central: https://repo.maven.apache.org/maven2/org/openrewrite/rewrite-java-21/8.41.1/rewrite-java-21-8.41.1.pom
[INFO] Downloaded from central: https://repo.maven.apache.org/maven2/org/openrewrite/rewrite-java-21/8.41.1/rewrite-java-21-8.41.1.pom (4.1 kB at 187 kB/s)
[INFO] Downloading from spring-snapshots: https://repo.spring.io/snapshot/org/openrewrite/recipe/rewrite-migrate-java/2.31.1/rewrite-migrate-java-2.31.1.jar
[INFO] Downloading from spring-snapshots: https://repo.spring.io/snapshot/net/java/dev/jna/jna-platform/5.15.0/jna-platform-5.15.0.jar
[INFO] Downloading from spring-snapshots: https://repo.spring.io/snapshot/org/openrewrite/rewrite-core/8.41.1/rewrite-core-8.41.1.jar
[INFO] Downloading from spring-snapshots: https://repo.spring.io/snapshot/net/java/dev/jna/jna/5.15.0/jna-5.15.0.jar
[INFO] Downloading from spring-snapshots: https://repo.spring.io/snapshot/org/openrewrite/rewrite-yaml/8.41.1/rewrite-yaml-8.41.1.jar
[INFO] Downloading from spring-snapshots: https://repo.spring.io/snapshot/org/openrewrite/rewrite-java/8.41.1/rewrite-java-8.41.1.jar
[INFO] Downloading from spring-snapshots: https://repo.spring.io/snapshot/io/micrometer/micrometer-core/1.9.17/micrometer-core-1.9.17.jar
[INFO] Downloading from spring-snapshots: https://repo.spring.io/snapshot/org/openrewrite/rewrite-properties/8.41.1/rewrite-properties-8.41.1.jar
[INFO] Downloading from spring-snapshots: https://repo.spring.io/snapshot/org/openrewrite/rewrite-xml/8.41.1/rewrite-xml-8.41.1.jar
[INFO] Downloading from spring-snapshots: https://repo.spring.io/snapshot/org/openrewrite/rewrite-maven/8.41.1/rewrite-maven-8.41.1.jar
[INFO] Downloading from spring-snapshots: https://repo.spring.io/snapshot/org/openrewrite/rewrite-gradle/8.41.1/rewrite-gradle-8.41.1.jar
[INFO] Downloading from spring-snapshots: https://repo.spring.io/snapshot/org/openrewrite/rewrite-groovy/8.41.1/rewrite-groovy-8.41.1.jar
[INFO] Downloading from spring-snapshots: https://repo.spring.io/snapshot/org/openrewrite/recipe/rewrite-github-actions/2.10.1/rewrite-github-actions-2.10.1.jar
[INFO] Downloading from spring-snapshots: https://repo.spring.io/snapshot/org/openrewrite/recipe/rewrite-java-dependencies/1.24.1/rewrite-java-dependencies-1.24.1.jar
[INFO] Downloading from spring-snapshots: https://repo.spring.io/snapshot/com/fasterxml/jackson/dataformat/jackson-dataformat-csv/2.17.2/jackson-dataformat-csv-2.17.2.jar
[INFO] Downloading from spring-snapshots: https://repo.spring.io/snapshot/org/openrewrite/recipe/rewrite-static-analysis/1.21.1/rewrite-static-analysis-1.21.1.jar
[INFO] Downloading from spring-snapshots: https://repo.spring.io/snapshot/org/openrewrite/rewrite-kotlin/1.23.1/rewrite-kotlin-1.23.1.jar
[INFO] Downloading from spring-snapshots: https://repo.spring.io/snapshot/org/jetbrains/kotlin/kotlin-compiler-embeddable/1.9.22/kotlin-compiler-embeddable-1.9.22.jar
[INFO] Downloading from spring-snapshots: https://repo.spring.io/snapshot/org/jetbrains/kotlin/kotlin-script-runtime/1.9.22/kotlin-script-runtime-1.9.22.jar
[INFO] Downloading from spring-snapshots: https://repo.spring.io/snapshot/org/jetbrains/kotlin/kotlin-daemon-embeddable/1.9.22/kotlin-daemon-embeddable-1.9.22.jar
[INFO] Downloading from spring-snapshots: https://repo.spring.io/snapshot/org/jetbrains/kotlin/kotlin-stdlib/1.9.22/kotlin-stdlib-1.9.22.jar
[INFO] Downloading from spring-snapshots: https://repo.spring.io/snapshot/org/openrewrite/rewrite-csharp/0.16.1/rewrite-csharp-0.16.1.jar
[INFO] Downloading from spring-snapshots: https://repo.spring.io/snapshot/com/fasterxml/jackson/dataformat/jackson-dataformat-cbor/2.17.2/jackson-dataformat-cbor-2.17.2.jar
[INFO] Downloading from spring-snapshots: https://repo.spring.io/snapshot/ch/qos/logback/logback-classic/1.2.13/logback-classic-1.2.13.jar
[INFO] Downloading from spring-snapshots: https://repo.spring.io/snapshot/org/openrewrite/recipe/rewrite-jenkins/0.18.1/rewrite-jenkins-0.18.1.jar
[INFO] Downloading from spring-snapshots: https://repo.spring.io/snapshot/ch/qos/logback/logback-core/1.2.13/logback-core-1.2.13.jar
[INFO] Downloading from spring-snapshots: https://repo.spring.io/snapshot/org/openrewrite/rewrite-templating/1.19.1/rewrite-templating-1.19.1.jar
[INFO] Downloading from spring-snapshots: https://repo.spring.io/snapshot/org/openrewrite/meta/rewrite-analysis/2.13.1/rewrite-analysis-2.13.1.jar
[INFO] Downloading from spring-snapshots: https://repo.spring.io/snapshot/org/openrewrite/rewrite-java-8/8.41.1/rewrite-java-8-8.41.1.jar
[INFO] Downloading from spring-snapshots: https://repo.spring.io/snapshot/org/functionaljava/functionaljava/5.0/functionaljava-5.0.jar
[INFO] Downloading from spring-snapshots: https://repo.spring.io/snapshot/org/openrewrite/rewrite-java-11/8.41.1/rewrite-java-11-8.41.1.jar
[INFO] Downloading from spring-snapshots: https://repo.spring.io/snapshot/org/openrewrite/rewrite-java-17/8.41.1/rewrite-java-17-8.41.1.jar
[INFO] Downloading from spring-snapshots: https://repo.spring.io/snapshot/org/openrewrite/rewrite-java-lombok/8.41.1/rewrite-java-lombok-8.41.1.jar
[INFO] Downloading from spring-snapshots: https://repo.spring.io/snapshot/org/openrewrite/rewrite-java-21/8.41.1/rewrite-java-21-8.41.1.jar
[INFO] Downloading from spring-milestones: https://repo.spring.io/milestone/org/openrewrite/recipe/rewrite-migrate-java/2.31.1/rewrite-migrate-java-2.31.1.jar
[INFO] Downloading from spring-milestones: https://repo.spring.io/milestone/org/openrewrite/rewrite-java/8.41.1/rewrite-java-8.41.1.jar
[INFO] Downloading from spring-milestones: https://repo.spring.io/milestone/org/openrewrite/rewrite-core/8.41.1/rewrite-core-8.41.1.jar
[INFO] Downloading from spring-milestones: https://repo.spring.io/milestone/net/java/dev/jna/jna-platform/5.15.0/jna-platform-5.15.0.jar
[INFO] Downloading from spring-milestones: https://repo.spring.io/milestone/org/openrewrite/rewrite-yaml/8.41.1/rewrite-yaml-8.41.1.jar
[INFO] Downloading from spring-milestones: https://repo.spring.io/milestone/net/java/dev/jna/jna/5.15.0/jna-5.15.0.jar
[INFO] Downloading from spring-milestones: https://repo.spring.io/milestone/io/micrometer/micrometer-core/1.9.17/micrometer-core-1.9.17.jar
[INFO] Downloading from spring-milestones: https://repo.spring.io/milestone/org/openrewrite/rewrite-properties/8.41.1/rewrite-properties-8.41.1.jar
[INFO] Downloading from spring-milestones: https://repo.spring.io/milestone/org/openrewrite/rewrite-xml/8.41.1/rewrite-xml-8.41.1.jar
[INFO] Downloading from spring-milestones: https://repo.spring.io/milestone/org/openrewrite/rewrite-maven/8.41.1/rewrite-maven-8.41.1.jar
[INFO] Downloading from spring-milestones: https://repo.spring.io/milestone/org/openrewrite/rewrite-gradle/8.41.1/rewrite-gradle-8.41.1.jar
[INFO] Downloading from spring-milestones: https://repo.spring.io/milestone/org/openrewrite/rewrite-groovy/8.41.1/rewrite-groovy-8.41.1.jar
[INFO] Downloading from spring-milestones: https://repo.spring.io/milestone/org/openrewrite/recipe/rewrite-github-actions/2.10.1/rewrite-github-actions-2.10.1.jar
[INFO] Downloading from spring-milestones: https://repo.spring.io/milestone/com/fasterxml/jackson/dataformat/jackson-dataformat-csv/2.17.2/jackson-dataformat-csv-2.17.2.jar
[INFO] Downloading from spring-milestones: https://repo.spring.io/milestone/org/openrewrite/recipe/rewrite-java-dependencies/1.24.1/rewrite-java-dependencies-1.24.1.jar
[INFO] Downloading from spring-milestones: https://repo.spring.io/milestone/org/openrewrite/recipe/rewrite-static-analysis/1.21.1/rewrite-static-analysis-1.21.1.jar
[INFO] Downloading from spring-milestones: https://repo.spring.io/milestone/org/openrewrite/rewrite-kotlin/1.23.1/rewrite-kotlin-1.23.1.jar
[INFO] Downloading from spring-milestones: https://repo.spring.io/milestone/org/jetbrains/kotlin/kotlin-compiler-embeddable/1.9.22/kotlin-compiler-embeddable-1.9.22.jar
[INFO] Downloading from spring-milestones: https://repo.spring.io/milestone/org/jetbrains/kotlin/kotlin-script-runtime/1.9.22/kotlin-script-runtime-1.9.22.jar
[INFO] Downloading from spring-milestones: https://repo.spring.io/milestone/org/jetbrains/kotlin/kotlin-daemon-embeddable/1.9.22/kotlin-daemon-embeddable-1.9.22.jar
[INFO] Downloading from spring-milestones: https://repo.spring.io/milestone/org/jetbrains/kotlin/kotlin-stdlib/1.9.22/kotlin-stdlib-1.9.22.jar
[INFO] Downloading from spring-milestones: https://repo.spring.io/milestone/org/openrewrite/rewrite-csharp/0.16.1/rewrite-csharp-0.16.1.jar
[INFO] Downloading from spring-milestones: https://repo.spring.io/milestone/com/fasterxml/jackson/dataformat/jackson-dataformat-cbor/2.17.2/jackson-dataformat-cbor-2.17.2.jar
[INFO] Downloading from spring-milestones: https://repo.spring.io/milestone/ch/qos/logback/logback-classic/1.2.13/logback-classic-1.2.13.jar
[INFO] Downloading from spring-milestones: https://repo.spring.io/milestone/ch/qos/logback/logback-core/1.2.13/logback-core-1.2.13.jar
[INFO] Downloading from spring-milestones: https://repo.spring.io/milestone/org/openrewrite/recipe/rewrite-jenkins/0.18.1/rewrite-jenkins-0.18.1.jar
[INFO] Downloading from spring-milestones: https://repo.spring.io/milestone/org/openrewrite/rewrite-templating/1.19.1/rewrite-templating-1.19.1.jar
[INFO] Downloading from spring-milestones: https://repo.spring.io/milestone/org/openrewrite/meta/rewrite-analysis/2.13.1/rewrite-analysis-2.13.1.jar
[INFO] Downloading from spring-milestones: https://repo.spring.io/milestone/org/functionaljava/functionaljava/5.0/functionaljava-5.0.jar
[INFO] Downloading from spring-milestones: https://repo.spring.io/milestone/org/openrewrite/rewrite-java-8/8.41.1/rewrite-java-8-8.41.1.jar
[INFO] Downloading from spring-milestones: https://repo.spring.io/milestone/org/openrewrite/rewrite-java-11/8.41.1/rewrite-java-11-8.41.1.jar
[INFO] Downloading from spring-milestones: https://repo.spring.io/milestone/org/openrewrite/rewrite-java-17/8.41.1/rewrite-java-17-8.41.1.jar
[INFO] Downloading from spring-milestones: https://repo.spring.io/milestone/org/openrewrite/rewrite-java-lombok/8.41.1/rewrite-java-lombok-8.41.1.jar
[INFO] Downloading from spring-milestones: https://repo.spring.io/milestone/org/openrewrite/rewrite-java-21/8.41.1/rewrite-java-21-8.41.1.jar
[INFO] Downloading from central: https://repo.maven.apache.org/maven2/org/openrewrite/recipe/rewrite-migrate-java/2.31.1/rewrite-migrate-java-2.31.1.jar
[INFO] Downloaded from central: https://repo.maven.apache.org/maven2/org/openrewrite/recipe/rewrite-migrate-java/2.31.1/rewrite-migrate-java-2.31.1.jar (975 kB at 16 MB/s)
[INFO] Downloading from central: https://repo.maven.apache.org/maven2/org/openrewrite/rewrite-java/8.41.1/rewrite-java-8.41.1.jar
[INFO] Downloading from central: https://repo.maven.apache.org/maven2/org/openrewrite/rewrite-core/8.41.1/rewrite-core-8.41.1.jar
[INFO] Downloading from central: https://repo.maven.apache.org/maven2/org/openrewrite/rewrite-yaml/8.41.1/rewrite-yaml-8.41.1.jar
[INFO] Downloading from central: https://repo.maven.apache.org/maven2/net/java/dev/jna/jna/5.15.0/jna-5.15.0.jar
[INFO] Downloading from central: https://repo.maven.apache.org/maven2/net/java/dev/jna/jna-platform/5.15.0/jna-platform-5.15.0.jar
[INFO] Downloaded from central: https://repo.maven.apache.org/maven2/net/java/dev/jna/jna/5.15.0/jna-5.15.0.jar (2.0 MB at 26 MB/s)
[INFO] Downloading from central: https://repo.maven.apache.org/maven2/io/micrometer/micrometer-core/1.9.17/micrometer-core-1.9.17.jar
[INFO] Downloaded from central: https://repo.maven.apache.org/maven2/org/openrewrite/rewrite-core/8.41.1/rewrite-core-8.41.1.jar (694 kB at 6.3 MB/s)
[INFO] Downloading from central: https://repo.maven.apache.org/maven2/org/openrewrite/rewrite-properties/8.41.1/rewrite-properties-8.41.1.jar
[INFO] Downloaded from central: https://repo.maven.apache.org/maven2/net/java/dev/jna/jna-platform/5.15.0/jna-platform-5.15.0.jar (1.4 MB at 12 MB/s)
[INFO] Downloading from central: https://repo.maven.apache.org/maven2/org/openrewrite/rewrite-xml/8.41.1/rewrite-xml-8.41.1.jar
[INFO] Downloaded from central: https://repo.maven.apache.org/maven2/io/micrometer/micrometer-core/1.9.17/micrometer-core-1.9.17.jar (664 kB at 5.1 MB/s)
[INFO] Downloading from central: https://repo.maven.apache.org/maven2/org/openrewrite/rewrite-maven/8.41.1/rewrite-maven-8.41.1.jar
[INFO] Downloaded from central: https://repo.maven.apache.org/maven2/org/openrewrite/rewrite-properties/8.41.1/rewrite-properties-8.41.1.jar (76 kB at 498 kB/s)
[INFO] Downloading from central: https://repo.maven.apache.org/maven2/org/openrewrite/rewrite-gradle/8.41.1/rewrite-gradle-8.41.1.jar
[INFO] Downloaded from central: https://repo.maven.apache.org/maven2/org/openrewrite/rewrite-yaml/8.41.1/rewrite-yaml-8.41.1.jar (259 kB at 1.6 MB/s)
[INFO] Downloading from central: https://repo.maven.apache.org/maven2/org/openrewrite/rewrite-groovy/8.41.1/rewrite-groovy-8.41.1.jar
[INFO] Downloaded from central: https://repo.maven.apache.org/maven2/org/openrewrite/rewrite-maven/8.41.1/rewrite-maven-8.41.1.jar (807 kB at 4.7 MB/s)
[INFO] Downloading from central: https://repo.maven.apache.org/maven2/org/openrewrite/recipe/rewrite-github-actions/2.10.1/rewrite-github-actions-2.10.1.jar
[INFO] Downloaded from central: https://repo.maven.apache.org/maven2/org/openrewrite/rewrite-xml/8.41.1/rewrite-xml-8.41.1.jar (287 kB at 1.6 MB/s)
[INFO] Downloading from central: https://repo.maven.apache.org/maven2/org/openrewrite/recipe/rewrite-java-dependencies/1.24.1/rewrite-java-dependencies-1.24.1.jar
[INFO] Downloaded from central: https://repo.maven.apache.org/maven2/org/openrewrite/recipe/rewrite-github-actions/2.10.1/rewrite-github-actions-2.10.1.jar (52 kB at 228 kB/s)
[INFO] Downloading from central: https://repo.maven.apache.org/maven2/com/fasterxml/jackson/dataformat/jackson-dataformat-csv/2.17.2/jackson-dataformat-csv-2.17.2.jar
[INFO] Downloaded from central: https://repo.maven.apache.org/maven2/org/openrewrite/recipe/rewrite-java-dependencies/1.24.1/rewrite-java-dependencies-1.24.1.jar (500 kB at 2.2 MB/s)
[INFO] Downloading from central: https://repo.maven.apache.org/maven2/org/openrewrite/recipe/rewrite-static-analysis/1.21.1/rewrite-static-analysis-1.21.1.jar
[INFO] Downloaded from central: https://repo.maven.apache.org/maven2/org/openrewrite/rewrite-groovy/8.41.1/rewrite-groovy-8.41.1.jar (191 kB at 739 kB/s)
[INFO] Downloading from central: https://repo.maven.apache.org/maven2/org/openrewrite/rewrite-kotlin/1.23.1/rewrite-kotlin-1.23.1.jar
[INFO] Downloaded from central: https://repo.maven.apache.org/maven2/com/fasterxml/jackson/dataformat/jackson-dataformat-csv/2.17.2/jackson-dataformat-csv-2.17.2.jar (103 kB at 396 kB/s)
[INFO] Downloading from central: https://repo.maven.apache.org/maven2/org/jetbrains/kotlin/kotlin-compiler-embeddable/1.9.22/kotlin-compiler-embeddable-1.9.22.jar
[INFO] Downloaded from central: https://repo.maven.apache.org/maven2/org/openrewrite/rewrite-java/8.41.1/rewrite-java-8.41.1.jar (3.8 MB at 14 MB/s)
[INFO] Downloading from central: https://repo.maven.apache.org/maven2/org/jetbrains/kotlin/kotlin-script-runtime/1.9.22/kotlin-script-runtime-1.9.22.jar
[INFO] Downloaded from central: https://repo.maven.apache.org/maven2/org/jetbrains/kotlin/kotlin-script-runtime/1.9.22/kotlin-script-runtime-1.9.22.jar (43 kB at 150 kB/s)
[INFO] Downloading from central: https://repo.maven.apache.org/maven2/org/jetbrains/kotlin/kotlin-daemon-embeddable/1.9.22/kotlin-daemon-embeddable-1.9.22.jar
[INFO] Downloaded from central: https://repo.maven.apache.org/maven2/org/openrewrite/recipe/rewrite-static-analysis/1.21.1/rewrite-static-analysis-1.21.1.jar (826 kB at 2.8 MB/s)
[INFO] Downloading from central: https://repo.maven.apache.org/maven2/org/jetbrains/kotlin/kotlin-stdlib/1.9.22/kotlin-stdlib-1.9.22.jar
[INFO] Downloaded from central: https://repo.maven.apache.org/maven2/org/openrewrite/rewrite-kotlin/1.23.1/rewrite-kotlin-1.23.1.jar (758 kB at 2.4 MB/s)
[INFO] Downloading from central: https://repo.maven.apache.org/maven2/org/openrewrite/rewrite-csharp/0.16.1/rewrite-csharp-0.16.1.jar
[INFO] Downloaded from central: https://repo.maven.apache.org/maven2/org/openrewrite/rewrite-csharp/0.16.1/rewrite-csharp-0.16.1.jar (343 kB at 923 kB/s)
[INFO] Downloading from central: https://repo.maven.apache.org/maven2/com/fasterxml/jackson/dataformat/jackson-dataformat-cbor/2.17.2/jackson-dataformat-cbor-2.17.2.jar
[INFO] Downloaded from central: https://repo.maven.apache.org/maven2/com/fasterxml/jackson/dataformat/jackson-dataformat-cbor/2.17.2/jackson-dataformat-cbor-2.17.2.jar (70 kB at 179 kB/s)
[INFO] Downloading from central: https://repo.maven.apache.org/maven2/ch/qos/logback/logback-classic/1.2.13/logback-classic-1.2.13.jar
[INFO] Downloaded from central: https://repo.maven.apache.org/maven2/org/jetbrains/kotlin/kotlin-daemon-embeddable/1.9.22/kotlin-daemon-embeddable-1.9.22.jar (399 kB at 912 kB/s)
[INFO] Downloading from central: https://repo.maven.apache.org/maven2/ch/qos/logback/logback-core/1.2.13/logback-core-1.2.13.jar
[INFO] Downloaded from central: https://repo.maven.apache.org/maven2/org/jetbrains/kotlin/kotlin-stdlib/1.9.22/kotlin-stdlib-1.9.22.jar (1.7 MB at 3.9 MB/s)
[INFO] Downloading from central: https://repo.maven.apache.org/maven2/org/openrewrite/recipe/rewrite-jenkins/0.18.1/rewrite-jenkins-0.18.1.jar
[INFO] Downloaded from central: https://repo.maven.apache.org/maven2/ch/qos/logback/logback-classic/1.2.13/logback-classic-1.2.13.jar (232 kB at 520 kB/s)
[INFO] Downloading from central: https://repo.maven.apache.org/maven2/org/openrewrite/rewrite-templating/1.19.1/rewrite-templating-1.19.1.jar
[INFO] Downloaded from central: https://repo.maven.apache.org/maven2/org/openrewrite/recipe/rewrite-jenkins/0.18.1/rewrite-jenkins-0.18.1.jar (73 kB at 146 kB/s)
[INFO] Downloading from central: https://repo.maven.apache.org/maven2/org/openrewrite/meta/rewrite-analysis/2.13.1/rewrite-analysis-2.13.1.jar
[INFO] Downloaded from central: https://repo.maven.apache.org/maven2/org/openrewrite/rewrite-templating/1.19.1/rewrite-templating-1.19.1.jar (117 kB at 229 kB/s)
[INFO] Downloading from central: https://repo.maven.apache.org/maven2/org/functionaljava/functionaljava/5.0/functionaljava-5.0.jar
[INFO] Downloaded from central: https://repo.maven.apache.org/maven2/org/functionaljava/functionaljava/5.0/functionaljava-5.0.jar (789 kB at 1.4 MB/s)
[INFO] Downloading from central: https://repo.maven.apache.org/maven2/org/openrewrite/rewrite-java-8/8.41.1/rewrite-java-8-8.41.1.jar
[INFO] Downloaded from central: https://repo.maven.apache.org/maven2/ch/qos/logback/logback-core/1.2.13/logback-core-1.2.13.jar (450 kB at 771 kB/s)
[INFO] Downloading from central: https://repo.maven.apache.org/maven2/org/openrewrite/rewrite-java-11/8.41.1/rewrite-java-11-8.41.1.jar
[INFO] Downloaded from central: https://repo.maven.apache.org/maven2/org/openrewrite/meta/rewrite-analysis/2.13.1/rewrite-analysis-2.13.1.jar (440 kB at 754 kB/s)
[INFO] Downloading from central: https://repo.maven.apache.org/maven2/org/openrewrite/rewrite-java-17/8.41.1/rewrite-java-17-8.41.1.jar
[INFO] Downloaded from central: https://repo.maven.apache.org/maven2/org/openrewrite/rewrite-java-8/8.41.1/rewrite-java-8-8.41.1.jar (105 kB at 171 kB/s)
[INFO] Downloading from central: https://repo.maven.apache.org/maven2/org/openrewrite/rewrite-java-lombok/8.41.1/rewrite-java-lombok-8.41.1.jar
[INFO] Downloaded from central: https://repo.maven.apache.org/maven2/org/openrewrite/rewrite-java-11/8.41.1/rewrite-java-11-8.41.1.jar (107 kB at 172 kB/s)
[INFO] Downloading from central: https://repo.maven.apache.org/maven2/org/openrewrite/rewrite-java-21/8.41.1/rewrite-java-21-8.41.1.jar
[INFO] Downloaded from central: https://repo.maven.apache.org/maven2/org/openrewrite/rewrite-java-17/8.41.1/rewrite-java-17-8.41.1.jar (112 kB at 177 kB/s)
[INFO] Downloaded from central: https://repo.maven.apache.org/maven2/org/openrewrite/rewrite-java-lombok/8.41.1/rewrite-java-lombok-8.41.1.jar (19 kB at 29 kB/s)
[INFO] Downloaded from central: https://repo.maven.apache.org/maven2/org/openrewrite/rewrite-java-21/8.41.1/rewrite-java-21-8.41.1.jar (110 kB at 160 kB/s)
[INFO] Downloaded from central: https://repo.maven.apache.org/maven2/org/openrewrite/rewrite-gradle/8.41.1/rewrite-gradle-8.41.1.jar (19 MB at 18 MB/s)
[INFO] Downloaded from central: https://repo.maven.apache.org/maven2/org/jetbrains/kotlin/kotlin-compiler-embeddable/1.9.22/kotlin-compiler-embeddable-1.9.22.jar (60 MB at 27 MB/s)
[INFO] Validating active recipes...
[WARNING] This Gauge has been already registered (MeterId{name='cache.size', tags=[tag(cache=Maven POMs - default)]}), the Gauge registration will be ignored. Note that subsequent logs will be logged at debug level.
[INFO] Project [petclinic] Resolving Poms...
[INFO] Project [petclinic] Parsing source files
[WARNING] There were problems parsing some source files, run with --errors to see full stack traces
[WARNING] There were problems parsing src\main\java\org\springframework\samples\petclinic\model\BaseEntity.java
[WARNING] There were problems parsing src\main\java\org\springframework\samples\petclinic\model\NamedEntity.java
[WARNING] There were problems parsing src\main\java\org\springframework\samples\petclinic\model\Person.java
[WARNING] There were problems parsing src\main\java\org\springframework\samples\petclinic\owner\Owner.java
[WARNING] There were problems parsing src\main\java\org\springframework\samples\petclinic\owner\OwnerController.java
[WARNING] There were problems parsing src\main\java\org\springframework\samples\petclinic\owner\OwnerRepository.java
[WARNING] There were problems parsing src\main\java\org\springframework\samples\petclinic\owner\Pet.java
[WARNING] There were problems parsing src\main\java\org\springframework\samples\petclinic\owner\PetController.java
[WARNING] There were problems parsing src\main\java\org\springframework\samples\petclinic\owner\PetType.java
[WARNING] There were problems parsing src\main\java\org\springframework\samples\petclinic\owner\PetTypeFormatter.java
[WARNING] There were problems parsing src\main\java\org\springframework\samples\petclinic\owner\PetValidator.java
[WARNING] There were problems parsing src\main\java\org\springframework\samples\petclinic\owner\Visit.java
[WARNING] There were problems parsing src\main\java\org\springframework\samples\petclinic\owner\VisitController.java
[WARNING] There were problems parsing src\main\java\org\springframework\samples\petclinic\PetClinicApplication.java
[WARNING] There were problems parsing src\main\java\org\springframework\samples\petclinic\PetClinicRuntimeHints.java
[WARNING] There were problems parsing src\main\java\org\springframework\samples\petclinic\system\CacheConfiguration.java
[WARNING] There were problems parsing src\main\java\org\springframework\samples\petclinic\system\CrashController.java
[WARNING] There were problems parsing src\main\java\org\springframework\samples\petclinic\system\WelcomeController.java
[WARNING] There were problems parsing src\main\java\org\springframework\samples\petclinic\vet\Specialty.java
[WARNING] There were problems parsing src\main\java\org\springframework\samples\petclinic\vet\Vet.java
[WARNING] There were problems parsing src\main\java\org\springframework\samples\petclinic\vet\VetController.java
[WARNING] There were problems parsing src\main\java\org\springframework\samples\petclinic\vet\VetRepository.java
[WARNING] There were problems parsing src\main\java\org\springframework\samples\petclinic\vet\Vets.java
[WARNING] There were problems parsing src\test\java\org\springframework\samples\petclinic\model\ValidatorTests.java
[WARNING] There were problems parsing src\test\java\org\springframework\samples\petclinic\MySqlIntegrationTests.java
[WARNING] There were problems parsing src\test\java\org\springframework\samples\petclinic\MysqlTestApplication.java
[WARNING] There were problems parsing src\test\java\org\springframework\samples\petclinic\owner\OwnerControllerTests.java
[WARNING] There were problems parsing src\test\java\org\springframework\samples\petclinic\owner\PetControllerTests.java
[WARNING] There were problems parsing src\test\java\org\springframework\samples\petclinic\owner\PetTypeFormatterTests.java
[WARNING] There were problems parsing src\test\java\org\springframework\samples\petclinic\owner\VisitControllerTests.java
[WARNING] There were problems parsing src\test\java\org\springframework\samples\petclinic\PetClinicIntegrationTests.java
[WARNING] There were problems parsing src\test\java\org\springframework\samples\petclinic\PostgresIntegrationTests.java
[WARNING] There were problems parsing src\test\java\org\springframework\samples\petclinic\service\ClinicServiceTests.java
[WARNING] There were problems parsing src\test\java\org\springframework\samples\petclinic\service\EntityUtils.java
[WARNING] There were problems parsing src\test\java\org\springframework\samples\petclinic\system\CrashControllerIntegrationTests.java
[WARNING] There were problems parsing src\test\java\org\springframework\samples\petclinic\system\CrashControllerTests.java
[WARNING] There were problems parsing src\test\java\org\springframework\samples\petclinic\vet\VetControllerTests.java
[WARNING] There were problems parsing src\test\java\org\springframework\samples\petclinic\vet\VetTests.java
[WARNING] There were problems parsing .mvn\wrapper\MavenWrapperDownloader.java
[INFO] Running recipe(s)...
[WARNING] Changes have been made to pom.xml by:
[WARNING]     org.openrewrite.java.migrate.UpgradeToJava17
[WARNING]         org.openrewrite.java.migrate.Java8toJava11
[WARNING]             org.openrewrite.java.migrate.UpgradeToJava8
[WARNING]                 org.openrewrite.java.migrate.UpgradeToJava7
[WARNING]                     org.openrewrite.java.migrate.UpgradeToJava6
[WARNING]                         org.openrewrite.java.migrate.JREWrapperInterface
[WARNING]                             org.openrewrite.java.migrate.jacoco.UpgradeJaCoCo
[WARNING]                                 org.openrewrite.maven.UpgradePluginVersion: {groupId=org.jacoco, artifactId=jacoco-maven-plugin, newVersion=0.8.x}
[WARNING]         org.openrewrite.java.migrate.UpgradePluginsForJava17
[WARNING]             org.openrewrite.maven.UpgradePluginVersion: {groupId=org.apache.maven.plugins, artifactId=maven-checkstyle-plugin, newVersion=3.x}
[WARNING]         org.openrewrite.java.migrate.UpgradeBuildToJava21
[WARNING]             org.openrewrite.java.migrate.UpgradeJavaVersion: {version=21}
[WARNING]                 org.openrewrite.java.migrate.maven.UpdateMavenProjectPropertyJavaVersion: {version=21}
[WARNING] Please review and commit the results.
[WARNING] Estimate time saved: 5m
[INFO] ------------------------------------------------------------------------
[INFO] BUILD SUCCESS
[INFO] ------------------------------------------------------------------------
[INFO] Total time:  50.333 s
[INFO] Finished at: 2025-08-06T08:29:17-04:00
[INFO] ------------------------------------------------------------------------
2025-08-06T12:29:17.869Z [INFO] [MavenBuildTool] Cleaning up/Notifying after OpenRewrite success.
2025-08-06T12:29:17.869Z [INFO] [MavenBuildTool] Notifying Maven config changed.
2025-08-06T12:29:17.870Z [INFO] [BaseBuildTool] Firing config modified event for mvnw, sleeping for 5 seconds
2025-08-06T12:29:17.870Z [INFO] [Environment] Running command (Java 24): mvnw --version
WARNING: A restricted method in java.lang.System has been called
WARNING: java.lang.System::load has been called by org.fusesource.jansi.internal.JansiLoader in an unnamed module (file:/C:/Users/adamga/.m2/wrapper/dists/apache-maven-3.9.5-bin/32db9c34/apache-maven-3.9.5/lib/jansi-2.4.0.jar)
WARNING: Use --enable-native-access=ALL-UNNAMED to avoid a warning for callers in this module
WARNING: Restricted methods will be blocked in a future release unless native access is enabled

Apache Maven 3.9.5 (57804ffe001d7215b5e7bcb531cf83df38f93546)
Maven home: C:\Users\adamga\.m2\wrapper\dists\apache-maven-3.9.5-bin\32db9c34\apache-maven-3.9.5
Java version: 24.0.1, vendor: Oracle Corporation, runtime: C:\Program Files\Java\jdk-24
Default locale: en_CA, platform encoding: UTF-8
OS name: "windows 11", version: "10.0", arch: "amd64", family: "windows"
2025-08-06T12:29:18.112Z [INFO] [BaseBuildTool] New version of mvnw: 3.9.5 -> 3.9.5
2025-08-06T12:29:18.113Z [INFO] [MavenBuildTool] Getting Java version of c:\Repos\spring-petclinic from pom.xml
2025-08-06T12:29:18.113Z [INFO] [MavenBuildTool] Searching for pom.xml files in c:\Repos\spring-petclinic
2025-08-06T12:29:18.113Z [INFO] [MavenBuildTool] Getting modules of c:\Repos\spring-petclinic
2025-08-06T12:29:18.113Z [INFO] [Environment] Running command (Java 24): mvnw help:evaluate -Dexpression=project.modules -q -DforceStdout
WARNING: A restricted method in java.lang.System has been called
WARNING: java.lang.System::load has been called by org.fusesource.jansi.internal.JansiLoader in an unnamed module (file:/C:/Users/adamga/.m2/wrapper/dists/apache-maven-3.9.5-bin/32db9c34/apache-maven-3.9.5/lib/jansi-2.4.0.jar)
WARNING: Use --enable-native-access=ALL-UNNAMED to avoid a warning for callers in this module
WARNING: Restricted methods will be blocked in a future release unless native access is enabled

WARNING: A terminally deprecated method in sun.misc.Unsafe has been called
WARNING: sun.misc.Unsafe::objectFieldOffset has been called by com.google.common.util.concurrent.AbstractFuture$UnsafeAtomicHelper (file:/C:/Users/adamga/.m2/wrapper/dists/apache-maven-3.9.5-bin/32db9c34/apache-maven-3.9.5/lib/guava-32.0.1-jre.jar)
WARNING: Please consider reporting this to the maintainers of class com.google.common.util.concurrent.AbstractFuture$UnsafeAtomicHelper
WARNING: sun.misc.Unsafe::objectFieldOffset will be removed in a future release
<modules/>2025-08-06T12:29:20.287Z [INFO] [MavenBuildTool] Found modules: 
2025-08-06T12:29:20.288Z [INFO] [MavenBuildTool] Found pom.xml files: c:\Repos\spring-petclinic\pom.xml
2025-08-06T12:29:20.297Z [INFO] [MavenBuildTool] Java version found in c:\Repos\spring-petclinic\pom.xml: 21
2025-08-06T12:29:20.298Z [INFO] [BaseBuildTool] Notifying Java version/Config change: '21' || '21'
2025-08-06T12:29:20.302Z [INFO] Recipes applied successfully.
2025-08-06T12:29:20.304Z [INFO] Validating dependencies...
2025-08-06T12:29:20.304Z [INFO] [BaseBuildTool] Firing config modified event for mvnw, sleeping for 5 seconds
2025-08-06T12:29:20.305Z [INFO] [Project spring-petclinic]: getting dependencies promise.
2025-08-06T12:29:20.305Z [INFO] [Project spring-petclinic]: reset dependencies promise.
2025-08-06T12:29:20.306Z [INFO] [Environment] Running command (Java 24): mvnw --version
2025-08-06T12:29:20.309Z [INFO] [Environment] Running command (Java 24): mvnw dependency:tree -B
WARNING: A restricted method in java.lang.System has been called
WARNING: java.lang.System::load has been called by org.fusesource.jansi.internal.JansiLoader in an unnamed module (file:/C:/Users/adamga/.m2/wrapper/dists/apache-maven-3.9.5-bin/32db9c34/apache-maven-3.9.5/lib/jansi-2.4.0.jar)
WARNING: Use --enable-native-access=ALL-UNNAMED to avoid a warning for callers in this module
WARNING: Restricted methods will be blocked in a future release unless native access is enabled

WARNING: A restricted method in java.lang.System has been called
WARNING: java.lang.System::load has been called by org.fusesource.jansi.internal.JansiLoader in an unnamed module (file:/C:/Users/adamga/.m2/wrapper/dists/apache-maven-3.9.5-bin/32db9c34/apache-maven-3.9.5/lib/jansi-2.4.0.jar)
WARNING: Use --enable-native-access=ALL-UNNAMED to avoid a warning for callers in this module
WARNING: Restricted methods will be blocked in a future release unless native access is enabled

Apache Maven 3.9.5 (57804ffe001d7215b5e7bcb531cf83df38f93546)
Maven home: C:\Users\adamga\.m2\wrapper\dists\apache-maven-3.9.5-bin\32db9c34\apache-maven-3.9.5
Java version: 24.0.1, vendor: Oracle Corporation, runtime: C:\Program Files\Java\jdk-24
Default locale: en_CA, platform encoding: UTF-8
OS name: "windows 11", version: "10.0", arch: "amd64", family: "windows"
2025-08-06T12:29:20.574Z [INFO] [BaseBuildTool] New version of mvnw: 3.9.5 -> 3.9.5
2025-08-06T12:29:20.575Z [INFO] [MavenBuildTool] Getting Java version of c:\Repos\spring-petclinic from pom.xml
2025-08-06T12:29:20.575Z [INFO] [MavenBuildTool] Searching for pom.xml files in c:\Repos\spring-petclinic
2025-08-06T12:29:20.576Z [INFO] [MavenBuildTool] Getting modules of c:\Repos\spring-petclinic
2025-08-06T12:29:20.576Z [INFO] [Environment] Running command (Java 24): mvnw help:evaluate -Dexpression=project.modules -q -DforceStdout
WARNING: A terminally deprecated method in sun.misc.Unsafe has been called
WARNING: sun.misc.Unsafe::objectFieldOffset has been called by com.google.common.util.concurrent.AbstractFuture$UnsafeAtomicHelper (file:/C:/Users/adamga/.m2/wrapper/dists/apache-maven-3.9.5-bin/32db9c34/apache-maven-3.9.5/lib/guava-32.0.1-jre.jar)
WARNING: Please consider reporting this to the maintainers of class com.google.common.util.concurrent.AbstractFuture$UnsafeAtomicHelper
WARNING: sun.misc.Unsafe::objectFieldOffset will be removed in a future release
WARNING: A restricted method in java.lang.System has been called
WARNING: java.lang.System::load has been called by org.fusesource.jansi.internal.JansiLoader in an unnamed module (file:/C:/Users/adamga/.m2/wrapper/dists/apache-maven-3.9.5-bin/32db9c34/apache-maven-3.9.5/lib/jansi-2.4.0.jar)
WARNING: Use --enable-native-access=ALL-UNNAMED to avoid a warning for callers in this module
WARNING: Restricted methods will be blocked in a future release unless native access is enabled

WARNING: A terminally deprecated method in sun.misc.Unsafe has been called
WARNING: sun.misc.Unsafe::objectFieldOffset has been called by com.google.common.util.concurrent.AbstractFuture$UnsafeAtomicHelper (file:/C:/Users/adamga/.m2/wrapper/dists/apache-maven-3.9.5-bin/32db9c34/apache-maven-3.9.5/lib/guava-32.0.1-jre.jar)
WARNING: Please consider reporting this to the maintainers of class com.google.common.util.concurrent.AbstractFuture$UnsafeAtomicHelper
WARNING: sun.misc.Unsafe::objectFieldOffset will be removed in a future release
[INFO] Scanning for projects...
[INFO] 
[INFO] ------------< org.springframework.samples:spring-petclinic >------------
[INFO] Building petclinic 3.2.0-SNAPSHOT
[INFO]   from pom.xml
[INFO] --------------------------------[ jar ]---------------------------------
[INFO] 
[INFO] --- dependency:3.6.1:tree (default-cli) @ spring-petclinic ---
<modules/>2025-08-06T12:29:22.934Z [INFO] [MavenBuildTool] Found modules: 
2025-08-06T12:29:22.935Z [INFO] [MavenBuildTool] Found pom.xml files: c:\Repos\spring-petclinic\pom.xml
2025-08-06T12:29:22.937Z [INFO] [MavenBuildTool] Java version found in c:\Repos\spring-petclinic\pom.xml: 21
2025-08-06T12:29:22.937Z [INFO] [BaseBuildTool] Notifying Java version/Config change: '21' || '21'
[INFO] org.springframework.samples:spring-petclinic:jar:3.2.0-SNAPSHOT
[INFO] +- org.springframework.boot:spring-boot-starter-actuator:jar:3.2.1:compile
[INFO] |  +- org.springframework.boot:spring-boot-starter:jar:3.2.1:compile
[INFO] |  |  +- org.springframework.boot:spring-boot-starter-logging:jar:3.2.1:compile
[INFO] |  |  |  +- ch.qos.logback:logback-classic:jar:1.4.14:compile
[INFO] |  |  |  |  \- ch.qos.logback:logback-core:jar:1.4.14:compile
[INFO] |  |  |  +- org.apache.logging.log4j:log4j-to-slf4j:jar:2.21.1:compile
[INFO] |  |  |  |  \- org.apache.logging.log4j:log4j-api:jar:2.21.1:compile
[INFO] |  |  |  \- org.slf4j:jul-to-slf4j:jar:2.0.9:compile
[INFO] |  |  +- jakarta.annotation:jakarta.annotation-api:jar:2.1.1:compile
[INFO] |  |  \- org.yaml:snakeyaml:jar:2.2:compile
[INFO] |  +- org.springframework.boot:spring-boot-actuator-autoconfigure:jar:3.2.1:compile
[INFO] |  |  +- org.springframework.boot:spring-boot-actuator:jar:3.2.1:compile
[INFO] |  |  \- com.fasterxml.jackson.datatype:jackson-datatype-jsr310:jar:2.15.3:compile
[INFO] |  +- io.micrometer:micrometer-observation:jar:1.12.1:compile
[INFO] |  |  \- io.micrometer:micrometer-commons:jar:1.12.1:compile
[INFO] |  \- io.micrometer:micrometer-jakarta9:jar:1.12.1:compile
[INFO] |     \- io.micrometer:micrometer-core:jar:1.12.1:compile
[INFO] |        +- org.hdrhistogram:HdrHistogram:jar:2.1.12:runtime
[INFO] |        \- org.latencyutils:LatencyUtils:jar:2.0.3:runtime
[INFO] +- org.springframework.boot:spring-boot-starter-cache:jar:3.2.1:compile
[INFO] |  \- org.springframework:spring-context-support:jar:6.1.2:compile
[INFO] |     +- org.springframework:spring-beans:jar:6.1.2:compile
[INFO] |     \- org.springframework:spring-context:jar:6.1.2:compile
[INFO] +- org.springframework.boot:spring-boot-starter-data-jpa:jar:3.2.1:compile
[INFO] |  +- org.springframework.boot:spring-boot-starter-aop:jar:3.2.1:compile
[INFO] |  |  +- org.springframework:spring-aop:jar:6.1.2:compile
[INFO] |  |  \- org.aspectj:aspectjweaver:jar:1.9.21:compile
[INFO] |  +- org.springframework.boot:spring-boot-starter-jdbc:jar:3.2.1:compile
[INFO] |  |  +- com.zaxxer:HikariCP:jar:5.0.1:compile
[INFO] |  |  \- org.springframework:spring-jdbc:jar:6.1.2:compile
[INFO] |  +- org.hibernate.orm:hibernate-core:jar:6.4.1.Final:compile
[INFO] |  |  +- jakarta.persistence:jakarta.persistence-api:jar:3.1.0:compile
[INFO] |  |  +- jakarta.transaction:jakarta.transaction-api:jar:2.0.1:compile
[INFO] |  |  +- org.jboss.logging:jboss-logging:jar:3.5.3.Final:compile
[INFO] |  |  +- org.hibernate.common:hibernate-commons-annotations:jar:6.0.6.Final:runtime
[INFO] |  |  +- io.smallrye:jandex:jar:3.1.2:runtime
[INFO] |  |  +- com.fasterxml:classmate:jar:1.6.0:compile
[INFO] |  |  +- net.bytebuddy:byte-buddy:jar:1.14.10:runtime
[INFO] |  |  +- org.glassfish.jaxb:jaxb-runtime:jar:4.0.4:runtime
[INFO] |  |  |  \- org.glassfish.jaxb:jaxb-core:jar:4.0.4:runtime
[INFO] |  |  |     +- org.eclipse.angus:angus-activation:jar:2.0.1:runtime
[INFO] |  |  |     +- org.glassfish.jaxb:txw2:jar:4.0.4:runtime
[INFO] |  |  |     \- com.sun.istack:istack-commons-runtime:jar:4.1.2:runtime
[INFO] |  |  +- jakarta.inject:jakarta.inject-api:jar:2.0.1:runtime
[INFO] |  |  \- org.antlr:antlr4-runtime:jar:4.13.0:compile
[INFO] |  +- org.springframework.data:spring-data-jpa:jar:3.2.1:compile
[INFO] |  |  +- org.springframework.data:spring-data-commons:jar:3.2.1:compile
[INFO] |  |  +- org.springframework:spring-orm:jar:6.1.2:compile
[INFO] |  |  +- org.springframework:spring-tx:jar:6.1.2:compile
[INFO] |  |  \- org.slf4j:slf4j-api:jar:2.0.9:compile
[INFO] |  \- org.springframework:spring-aspects:jar:6.1.2:compile
[INFO] +- org.springframework.boot:spring-boot-starter-web:jar:3.2.1:compile
[INFO] |  +- org.springframework.boot:spring-boot-starter-json:jar:3.2.1:compile
[INFO] |  |  \- com.fasterxml.jackson.datatype:jackson-datatype-jdk8:jar:2.15.3:compile
[INFO] |  +- org.springframework.boot:spring-boot-starter-tomcat:jar:3.2.1:compile
[INFO] |  |  +- org.apache.tomcat.embed:tomcat-embed-core:jar:10.1.17:compile
[INFO] |  |  \- org.apache.tomcat.embed:tomcat-embed-websocket:jar:10.1.17:compile
[INFO] |  +- org.springframework:spring-web:jar:6.1.2:compile
[INFO] |  \- org.springframework:spring-webmvc:jar:6.1.2:compile
[INFO] |     \- org.springframework:spring-expression:jar:6.1.2:compile
[INFO] +- org.springframework.boot:spring-boot-starter-validation:jar:3.2.1:compile
[INFO] |  +- org.apache.tomcat.embed:tomcat-embed-el:jar:10.1.17:compile
[INFO] |  \- org.hibernate.validator:hibernate-validator:jar:8.0.1.Final:compile
[INFO] |     \- jakarta.validation:jakarta.validation-api:jar:3.0.2:compile
[INFO] +- org.springframework.boot:spring-boot-starter-thymeleaf:jar:3.2.1:compile
[INFO] |  \- org.thymeleaf:thymeleaf-spring6:jar:3.1.2.RELEASE:compile
[INFO] |     \- org.thymeleaf:thymeleaf:jar:3.1.2.RELEASE:compile
[INFO] |        +- org.attoparser:attoparser:jar:2.0.7.RELEASE:compile
[INFO] |        \- org.unbescape:unbescape:jar:1.1.6.RELEASE:compile
[INFO] +- org.springframework.boot:spring-boot-starter-test:jar:3.2.1:test
[INFO] |  +- org.springframework.boot:spring-boot-test:jar:3.2.1:test
[INFO] |  +- org.springframework.boot:spring-boot-test-autoconfigure:jar:3.2.1:test
[INFO] |  +- com.jayway.jsonpath:json-path:jar:2.8.0:test
[INFO] |  +- net.minidev:json-smart:jar:2.5.0:test
[INFO] |  |  \- net.minidev:accessors-smart:jar:2.5.0:test
[INFO] |  |     \- org.ow2.asm:asm:jar:9.3:test
[INFO] |  +- org.assertj:assertj-core:jar:3.24.2:test
[INFO] |  +- org.awaitility:awaitility:jar:4.2.0:test
[INFO] |  +- org.hamcrest:hamcrest:jar:2.2:test
[INFO] |  +- org.junit.jupiter:junit-jupiter:jar:5.10.1:test
[INFO] |  |  +- org.junit.jupiter:junit-jupiter-api:jar:5.10.1:test
[INFO] |  |  |  +- org.opentest4j:opentest4j:jar:1.3.0:test
[INFO] |  |  |  +- org.junit.platform:junit-platform-commons:jar:1.10.1:test
[INFO] |  |  |  \- org.apiguardian:apiguardian-api:jar:1.1.2:test
[INFO] |  |  +- org.junit.jupiter:junit-jupiter-params:jar:5.10.1:test
[INFO] |  |  \- org.junit.jupiter:junit-jupiter-engine:jar:5.10.1:test
[INFO] |  |     \- org.junit.platform:junit-platform-engine:jar:1.10.1:test
[INFO] |  +- org.mockito:mockito-core:jar:5.7.0:test
[INFO] |  |  +- net.bytebuddy:byte-buddy-agent:jar:1.14.10:test
[INFO] |  |  \- org.objenesis:objenesis:jar:3.3:test
[INFO] |  +- org.mockito:mockito-junit-jupiter:jar:5.7.0:test
[INFO] |  +- org.skyscreamer:jsonassert:jar:1.5.1:test
[INFO] |  |  \- com.vaadin.external.google:android-json:jar:0.0.20131108.vaadin1:test
[INFO] |  +- org.springframework:spring-core:jar:6.1.2:compile
[INFO] |  |  \- org.springframework:spring-jcl:jar:6.1.2:compile
[INFO] |  +- org.springframework:spring-test:jar:6.1.2:test
[INFO] |  \- org.xmlunit:xmlunit-core:jar:2.9.1:test
[INFO] +- com.h2database:h2:jar:2.2.224:runtime
[INFO] +- com.mysql:mysql-connector-j:jar:8.1.0:runtime
[INFO] +- org.postgresql:postgresql:jar:42.6.0:runtime
[INFO] |  \- org.checkerframework:checker-qual:jar:3.31.0:compile
[INFO] +- javax.cache:cache-api:jar:1.1.1:compile
[INFO] +- com.github.ben-manes.caffeine:caffeine:jar:3.1.8:compile
[INFO] |  \- com.google.errorprone:error_prone_annotations:jar:2.21.1:compile
[INFO] +- org.webjars.npm:bootstrap:jar:5.3.2:compile
[INFO] +- org.webjars.npm:font-awesome:jar:4.7.0:compile
[INFO] +- org.springframework.boot:spring-boot-devtools:jar:3.2.1:test
[INFO] |  +- org.springframework.boot:spring-boot:jar:3.2.1:compile
[INFO] |  \- org.springframework.boot:spring-boot-autoconfigure:jar:3.2.1:compile
[INFO] +- org.springframework.boot:spring-boot-testcontainers:jar:3.2.1:test
[INFO] |  \- org.testcontainers:testcontainers:jar:1.19.3:test
[INFO] |     +- junit:junit:jar:4.13.2:test
[INFO] |     |  \- org.hamcrest:hamcrest-core:jar:2.2:test
[INFO] |     +- org.apache.commons:commons-compress:jar:1.24.0:test
[INFO] |     +- org.rnorth.duct-tape:duct-tape:jar:1.0.8:test
[INFO] |     |  \- org.jetbrains:annotations:jar:17.0.0:test
[INFO] |     +- com.github.docker-java:docker-java-api:jar:3.3.4:test
[INFO] |     \- com.github.docker-java:docker-java-transport-zerodep:jar:3.3.4:test
[INFO] |        +- com.github.docker-java:docker-java-transport:jar:3.3.4:test
[INFO] |        \- net.java.dev.jna:jna:jar:5.13.0:test
[INFO] +- org.springframework.boot:spring-boot-docker-compose:jar:3.2.1:test
[INFO] |  +- com.fasterxml.jackson.core:jackson-databind:jar:2.15.3:compile
[INFO] |  |  +- com.fasterxml.jackson.core:jackson-annotations:jar:2.15.3:compile
[INFO] |  |  \- com.fasterxml.jackson.core:jackson-core:jar:2.15.3:compile
[INFO] |  \- com.fasterxml.jackson.module:jackson-module-parameter-names:jar:2.15.3:compile
[INFO] +- org.testcontainers:junit-jupiter:jar:1.19.3:test
[INFO] +- org.testcontainers:mysql:jar:1.19.3:test
[INFO] |  \- org.testcontainers:jdbc:jar:1.19.3:test
[INFO] |     \- org.testcontainers:database-commons:jar:1.19.3:test
[INFO] \- jakarta.xml.bind:jakarta.xml.bind-api:jar:4.0.1:compile
[INFO]    \- jakarta.activation:jakarta.activation-api:jar:2.1.2:compile
[INFO] ------------------------------------------------------------------------
[INFO] BUILD SUCCESS
[INFO] ------------------------------------------------------------------------
[INFO] Total time:  1.803 s
[INFO] Finished at: 2025-08-06T08:29:23-04:00
[INFO] ------------------------------------------------------------------------
2025-08-06T12:29:23.131Z [INFO] [MavenBuildTool] Successfully got dependency tree of c:\Repos\spring-petclinic
2025-08-06T12:29:23.132Z [INFO] [MavenBuildTool] Getting Java version of c:\Repos\spring-petclinic from pom.xml
2025-08-06T12:29:23.132Z [INFO] [MavenBuildTool] Searching for pom.xml files in c:\Repos\spring-petclinic
2025-08-06T12:29:23.133Z [INFO] [MavenBuildTool] Getting modules of c:\Repos\spring-petclinic
2025-08-06T12:29:23.133Z [INFO] [Environment] Running command (Java 24): mvnw help:evaluate -Dexpression=project.modules -q -DforceStdout
WARNING: A restricted method in java.lang.System has been called
WARNING: java.lang.System::load has been called by org.fusesource.jansi.internal.JansiLoader in an unnamed module (file:/C:/Users/adamga/.m2/wrapper/dists/apache-maven-3.9.5-bin/32db9c34/apache-maven-3.9.5/lib/jansi-2.4.0.jar)
WARNING: Use --enable-native-access=ALL-UNNAMED to avoid a warning for callers in this module
WARNING: Restricted methods will be blocked in a future release unless native access is enabled

WARNING: A terminally deprecated method in sun.misc.Unsafe has been called
WARNING: sun.misc.Unsafe::objectFieldOffset has been called by com.google.common.util.concurrent.AbstractFuture$UnsafeAtomicHelper (file:/C:/Users/adamga/.m2/wrapper/dists/apache-maven-3.9.5-bin/32db9c34/apache-maven-3.9.5/lib/guava-32.0.1-jre.jar)
WARNING: Please consider reporting this to the maintainers of class com.google.common.util.concurrent.AbstractFuture$UnsafeAtomicHelper
WARNING: sun.misc.Unsafe::objectFieldOffset will be removed in a future release
<modules/>2025-08-06T12:29:25.257Z [INFO] [MavenBuildTool] Found modules: 
2025-08-06T12:29:25.258Z [INFO] [MavenBuildTool] Found pom.xml files: c:\Repos\spring-petclinic\pom.xml
2025-08-06T12:29:25.259Z [INFO] [MavenBuildTool] Java version found in c:\Repos\spring-petclinic\pom.xml: 21
2025-08-06T12:29:25.259Z [INFO] After upgrading: 
- org.springframework.boot:spring-boot-starter-actuator:3.2.1
- org.springframework.boot:spring-boot-starter-cache:3.2.1
- org.springframework.boot:spring-boot-starter-data-jpa:3.2.1
- org.springframework.boot:spring-boot-starter-web:3.2.1
- org.springframework.boot:spring-boot-starter-validation:3.2.1
- org.springframework.boot:spring-boot-starter-thymeleaf:3.2.1
- org.springframework.boot:spring-boot-starter-test:3.2.1
- com.h2database:h2:2.2.224
- com.mysql:mysql-connector-j:8.1.0
- org.postgresql:postgresql:42.6.0
- javax.cache:cache-api:1.1.1
- com.github.ben-manes.caffeine:caffeine:3.1.8
- org.webjars.npm:bootstrap:5.3.2
- org.webjars.npm:font-awesome:4.7.0
- org.springframework.boot:spring-boot-devtools:3.2.1
- org.springframework.boot:spring-boot-testcontainers:3.2.1
- org.springframework.boot:spring-boot-docker-compose:3.2.1
- org.testcontainers:junit-jupiter:1.19.3
- org.testcontainers:mysql:1.19.3
- jakarta.xml.bind:jakarta.xml.bind-api:4.0.1
- java:*:21
2025-08-06T12:29:25.260Z [INFO] Failed upgrading: 

2025-08-06T12:29:25.260Z [INFO] OpenRewrite upgrade Java version successfully.
2025-08-06T12:29:25.429Z [INFO] [java-upgrade-202508061224 318bc3f] Upgrade project to Java 21 using openrewrite.
 1 file changed, 3 insertions(+), 3 deletions(-)

2025-08-06T12:29:25.470Z [INFO] 318bc3f9da801a7d5ce9fdef94ff4df689304755

2025-08-06T12:29:25.520Z [INFO] 3	3	pom.xml

2025-08-06T12:29:25.535Z [WARN] No changes about Upgrade project to Java 21 using openrewrite. for c:\Repos\spring-petclinic to commit.
2025-08-06T12:29:25.536Z [INFO] completed upgrading project using OpenRewrite with recipes: [object Object]
